BlendProperty1,BlendProperty2,BlendProperty3,BlendProperty4,BlendProperty5,BlendProperty6,BlendProperty7,BlendProperty8,BlendProperty9,BlendProperty10
0.10555325255336356,0.188169349799864,0.6607752602660639,0.5374613614330883,0.2798847916680387,0.7266629897061421,0.5659094643897333,0.3608551050601818,-0.4109841733702524,0.3296021504438613
-0.6827977699035728,-0.6753031546340935,-1.2158970337386563,-0.026789444896280656,-0.7103354773062165,-0.08723498245342398,-1.1010834509118013,-1.1018306468886294,-0.5504151483237365,0.03411734283258738
1.6902704391350198,1.0639564189023076,1.1516727170494505,1.0189837278140885,2.2645148859082838,1.5935748650148298,0.9200154358422878,2.0655020817403056,0.4423947592067634,2.1195937324494025
-0.3660836510525769,0.33084851176136,0.5385083869550726,-0.31060380996132153,1.8630896321405999,-0.37773654491650177,0.29620491128389403,1.0766382263991545,0.5249173080655964,-1.0033589506565477
-0.07630844264076586,-0.972907602761552,1.0864766041688654,0.3268273459060538,2.4027332598857356,0.07974512532871358,0.9503517252778693,0.08883394231452257,-0.5417682244496973,1.0131073470870433
-1.5419111201708802,-1.727238675866829,0.4194709424184566,-1.601006453143782,0.009379550584526442,-1.5414595748394504,0.49849796887610864,0.08524082740041194,-0.9153986656208986,0.18333036595322483
1.0242209209254725,0.4575600305779517,-0.1854894874056754,-0.07893836431321688,-0.08786343875453895,0.4672043163594708,-0.23878717933166627,0.23554926376527874,1.0806518458903156,0.09037139042538911
1.988285177592843,1.2632901109318482,0.8249077372057627,1.4728103260968055,-1.4296372065475964,1.22825911301004,0.7845416051095526,0.9717895531484828,1.4182277067498035,0.4082763487306238
1.1112811092127686,1.0015322387266679,1.0941176267115225,1.7947068737266818,-0.5340246775347168,1.1479707494839886,1.0291607197398207,0.42573336594250577,1.167006994638541,1.2157167976811252
-1.0343753964085636,-0.8804183916090551,-2.0805332985546556,-0.7734208178170547,-1.2011174155911704,-0.5573541848040122,-1.8737219648883183,0.10512076046143193,-0.6883430643970314,-1.1725443626473862
0.013252453808490827,0.5226456651453191,0.7866636045375799,0.5273786923171428,1.7292729127055395,-0.4087704945164887,0.9238656547913706,0.040137322228929406,-0.7057690576198183,0.9882562692084775
1.0552876318148492,0.680953291745027,0.8173559423212282,-0.28921355567581486,1.070958873681775,0.3952246737438827,0.6956883595830732,0.9731367715721717,-0.25938004419276695,0.9918521908005005
0.48922256208516046,-0.2853558014437567,1.111245398336905,0.16132963039490278,-1.337059895199019,2.2505037970682906,0.8574353289095598,0.9927109953132458,1.1909879692234426,1.8602376830731373
-0.3695663610196789,0.7358314037956006,0.6391578323932663,-0.9089699059348959,2.4476938273401174,-0.493547036392215,0.5349256459085154,0.11009920745800628,-1.1219757755943647,-0.34475646193823195
0.6427078411325056,1.9178558093899483,0.6384250630380848,1.6925919168479595,-0.20821291665470198,0.4543113344310541,0.5036689330436275,0.9893445592460921,0.6458190052780992,-0.5319698688615517
-0.20456282164923323,-0.9093793534339056,0.7142207733525083,-0.745645860046352,0.5422489621709161,-1.0882159050985365,0.7732996475251639,-0.07353946460352745,-1.4999146720547287,-0.13395976071569748
-1.2842916120707741,-1.3050645289113163,-0.12531580902077621,-1.5536253306381695,-0.7961629520195856,-0.022622362899369364,-0.21621650844144824,-0.8996629101693543,-0.28092899790362935,-1.484513705227755
-0.17904619480896145,-0.5044765797993023,0.6185117098832507,-0.4278828470778535,-0.04203768714185685,-0.2375731750395289,0.6047710393111174,1.0641239997949015,-0.20837359672486855,-1.0009679858812888
0.0672240041196801,-0.15613750160082418,0.8971201387723795,-0.6454194979570502,1.8941442018876842,-0.9955823796414052,0.7893014623823547,1.4704311580280773,-1.2902320132619138,1.4641449491577987
-0.5551705643756577,-1.5833773764616126,0.5715530493191636,-1.0682605731926742,-0.7565974687416315,-0.74376652471949,0.5884446203267544,-0.0031547039234283147,-1.1721615642536563,-1.6073596559817815
-0.22704346721093316,-1.892694689243399,0.2531040948416603,-0.88215796345321,1.7473538356789504,-1.6568077608632166,0.3679943869760791,0.818168037569194,-0.9094942324554722,0.5179154689644747
0.19911510395468213,1.0274635896475957,-0.07410511495345418,1.5106458973241388,1.3107056086337252,1.6328885214728643,0.09477300198909688,0.6021833486156538,0.422106766239267,1.524997334573527
1.2165422507591757,1.4807520374179148,0.8676740661412623,0.9197627019893844,1.4688333517022443,0.31321405860978757,0.938209784259243,0.7852359316898401,0.3693171944742062,1.4322752418959226
0.18720950314479978,0.6936867258609709,0.4839794245592657,0.4450326447605448,-1.0021344529571508,0.28024640668479606,0.3483200821219725,-0.5161430008920433,-0.14783376483515553,-0.08253887441469487
-1.4594227489701552,-0.9401938103874272,-0.07107137435809818,-0.6557571795528929,-0.5275148166076917,-0.28483178838598633,-0.20068829412684863,-1.1762827953170927,-0.2496773254551954,0.10610264314505002
-0.4059338329122646,-0.31708238907049235,0.21387522056488706,-0.8421560605092964,-0.3085051526953322,0.1345396457542165,0.31386966624995694,-1.0117514927515003,0.22212455021872302,-1.5004104552990611
0.8564117048790649,0.5292323131416197,-0.16281399408944708,1.6998507146636257,-1.3411580475458322,0.3225321565436161,-0.03076538641107618,0.5076440645716502,0.6442627302949404,-1.0272772661185172
0.08705098798350264,-0.423002939312596,-0.5264517403447826,-0.809705008652486,-1.144200824204745,-0.38143771614215893,-0.39049808831441624,-1.0839199559450208,0.6452599511239896,0.5514453950574989
-0.7400865576262277,-1.416681921120471,-0.21278578470969478,-0.5332494115074269,-0.44050337505086645,-0.486114127489941,-0.1552748573229792,-1.0149607086095784,-0.5390560599280434,0.3148095334640857
-0.0764205082693934,0.29039891274715046,-0.710094247941015,-0.7641189181575783,-1.5803574319979816,0.3881362056403077,-0.561980905236851,-0.8727999083253053,-0.07858663576234903,-1.5523296233147903
-1.2266317922262715,-0.43819041509141243,0.13682657709614432,-0.4814739409885078,1.0295326794293942,-1.0955766802459266,0.19572676275129197,-0.1919831621553385,-1.8906983289189156,0.3598872027810103
-1.287507344461119,-0.5143227207478276,-0.2619421971903648,-1.0356865706324925,0.3585735263665981,-1.5481814355649703,-0.07680020992302161,-0.266503430283592,-0.9216881814548401,0.25484226825074074
0.7352349864572716,0.5218292026529525,-0.38280745986139664,0.46027912983845454,0.1383309913705233,-0.525602590000176,-0.3516176182088202,0.23608572503144387,0.2681381476786555,-0.39978077071464213
0.6387869980640062,0.9677681530110931,0.1509556511482515,-0.03716002788860351,-0.9878260588389907,0.130707416427299,0.2604628752890221,1.440059220436524,-0.16629755702479088,-0.5958034937946195
-0.73463930426351,-1.2742957965983805,-0.2948056572004134,-0.9433018641003628,0.10357269199748487,-0.3392694625230206,-0.2476670373007437,-1.2827209445786139,-1.8935024748643627,0.17218892178902934
1.7374997516121766,0.19707704145548632,0.4233970360476178,0.4952582919705719,0.8376010694744878,0.35718243532789984,0.3716040339131723,1.180263623047722,-0.3654396112660834,0.40463519349486887
-0.1334306929511513,-0.3370516251825393,-0.6081863530657756,0.016921294916869556,-1.272263761229624,0.21030528732842413,-0.5514384074122063,-0.13944396545002746,1.3868381483357552,-0.14711494595258046
0.2571129573316284,0.7323636562614411,0.4156632457447813,1.3936156715343486,0.2883473999054331,0.7819588413436804,0.3461072587624585,-0.0082146119166282,1.229442501955873,-0.7326430147111296
-1.9185043270551887,-1.3734768369067751,-0.03062349035073808,-1.4581680719675205,0.23906140737472015,-0.13470116736300497,-0.06283757476376195,-1.4238005809820606,-0.7928353959032393,0.24808717153791804
0.0227208405519832,0.820852324965017,0.622259785088545,-0.8200708537198125,-0.22546466492258332,0.29185249671138536,0.5389693588713271,-0.13475739479144977,0.7103338443157554,-0.27066973519845305
1.8887308747525822,1.2030078489915468,1.5293207201723362,1.5769735615504032,2.0387984835424504,2.0611937566794722,1.4310682805166834,1.1223868545916957,1.0561516128791482,1.8270737656366691
1.9009276704410922,0.6778415233291071,1.1097808615668328,0.7454534331574223,-1.2095203642172692,0.6330811043256972,1.1814006857132426,1.0756410857843548,1.3713263553645447,2.221879206027552
-1.264855722902439,-0.5408882566389366,-1.1682017816272037,-1.2336455955602332,-0.5184338441285945,-0.41418831598855377,-1.15735620851774,-2.074525900394292,-0.8825066091796145,-1.4016051933540439
1.1002611720650748,0.45479744819567713,0.19791585264738387,0.7563553097880913,-0.3152392228257668,0.5220889380365179,0.2151823992462596,1.8760620203011058,0.19400805466557358,0.2299978570863459
-0.5894236982803704,-0.6364959151105722,-0.07857037425117142,-1.6196365855466865,1.6501125854629208,-1.4444315426468393,-0.07542757675582834,-0.09930087465181714,-1.7634753494139659,0.46915458214380124
0.6252167528436985,1.0638728679223277,0.5652980948761979,0.6677388153912034,0.6601110695391981,0.6638652686879141,0.6340486062249511,0.2229799319175072,0.8183192863152726,-1.0493632667012207
-1.59730962612025,-1.9475520837895601,-0.8459717272962735,-1.217664286059403,-0.06401562584687781,-2.027118950749923,-0.7009949670157312,-1.016361455639526,-1.925187407773592,-0.37976958972762986
-0.3280872618686317,0.09283923296698049,-0.49758979912490986,0.15943601034086896,-0.4370732230045178,-0.5378034841702402,-0.31476581527022063,0.010777852982755576,0.6125440883552074,-0.5759506402689567
-0.4251860613965164,-0.9186810821229301,0.5173615076637361,0.009403269006725168,-0.9141092623922304,-0.7395339878927416,0.4462519786975463,-0.11742528649756423,-1.5474541819138068,0.051594372187537374
-1.8415449103977153,-1.4068138851071126,-2.2745879766880535,-0.7260311998143152,-0.5263947477169779,-1.4271603566454587,-2.1918611520018203,-2.028320237476237,-1.856581376541726,-1.8692763025073873
1.9551875624440527,0.8908788622120483,1.6777662801630413,0.5198087888301188,2.416563481663445,-0.8683712876754726,1.706978898437228,-0.1602632644426194,-0.34188340548280394,1.8342641607935093
-0.11221905460365633,0.9091254594704878,1.255396864402428,-0.32412784925327287,1.0616464539469348,1.2244975657562236,1.2533949133776332,0.4866384997176283,0.599208254387122,-0.9047423793115286
0.023208192909805803,0.1462169272981555,-0.39247885112649783,-0.7693421877064566,0.0031590592568306874,-0.6398375722598075,-0.46862771777364287,0.44273601157055964,0.4456035620814873,0.569144571969673
1.4444257986490356,0.6918790321906272,0.3668982134461203,0.6542827610246604,0.5816257734438466,-0.08902506963443102,0.42513306293881215,0.585016235090734,-0.6374228380486784,2.3760687173326005
0.701834905816213,0.6182507385901772,0.5004059211162257,0.3559277222120727,-0.09483583343717328,1.4004941048502815,0.5556654547654034,0.3553686073701101,1.0471457369844757,-0.6172902754958614
0.7451116485535749,0.15423893806746491,0.6336362885658673,0.10996391962805774,-0.07752262122110665,0.6019637863824983,0.4816872247979518,1.1959294857988425,0.011157846292917384,-1.0572298939675875
-0.06587122966698189,0.46319506958570855,0.5510727489981946,0.4099091191055777,-0.20153502540051704,1.222073660809997,0.5302639637156972,0.29291604442551034,0.555254977660752,0.6504024718444725
-1.6851334350683373,-0.9129480908113692,0.5679153303854036,-0.2429802961050882,1.3001852359284385,-0.6967731899445653,0.39098738144139134,-0.3577844820392784,-1.9657408565153673,0.09612649981954746
-0.3443729400748339,0.38744230968313786,0.22096824792242842,0.910784099574812,-1.3591321962067013,-0.43469151424653774,0.08604723336065945,-0.32100652446933964,0.5485663908493734,-1.9911573740826043
-0.9733632946476973,-1.5582743290551662,0.1918297556833295,-1.4751150753982074,1.552874756465826,-0.9327137463793633,0.12040411524776573,-1.0145765301313077,-1.0671668170648445,0.6781694454912213
-0.28700745639798697,-0.07737690217072668,-1.9320703743305785,-0.9918470197590068,0.04543847158583958,-0.8211223539456114,-1.9441156112320641,-0.4500215503721847,-0.45342746139431256,-1.1856844810563416
-0.16852596010903653,-1.2561129607584007,0.055738483164532227,-0.43164764486209606,-0.9395512955643426,0.7749418319111783,-0.1935114380758023,-0.9721928635062795,1.1493675752071795,-0.7268750355160591
1.1967720742538859,0.5778246732916159,0.7658946035830034,1.615705210706551,-0.23580842024360038,1.1887102444255788,0.7897221247133075,0.9228363113661544,1.3154982020370625,1.0651363249355654
-0.3657129778457602,-0.39798320445606805,0.5633268081401184,-0.6984909482962394,1.0721372559008273,-1.236379217770832,0.6025036456892394,-0.3356561801583666,-1.261082380940934,-0.23912694917180488
-0.5071093122739967,-0.6554309996154188,0.9178780745387485,-1.4415674074516573,0.17781374045145526,1.4145347330107825,0.9422690708533992,0.5260238004848361,0.4694164494640063,-0.891810704885529
0.6570813970411109,-0.4856174099677446,-0.2539553640488066,-0.50976380231441,0.639512878338536,0.11793044153489518,-0.13969826116135664,-0.4914442616773158,0.4829573321485441,-0.14332734956224158
1.0904098136263656,1.645896529636957,0.7425258848670637,0.56644129249446,-0.16039045310510858,1.3575895301149785,0.8385166098778427,1.372162422603651,0.9584559642753447,0.6115747829990141
-0.586969952310028,-0.9060859098317451,-1.0470171756393256,0.5491127921731049,-1.0494032867248109,-0.6931921976087096,-0.8573334141374289,0.03680644134965405,-0.8982410213939147,-0.5166372739076905
1.452674823010284,1.646557575531915,0.6525169536874955,0.9252318897223404,-0.471687219348496,-0.04855064214768845,0.7939920377839371,1.1317083306721543,0.12588172939408082,1.6965687735528263
-0.09584115151187689,-0.17224017818261927,0.38627198836547905,-0.365791091502615,-0.2677938722054023,-0.8097113606551147,0.20503373557994564,-0.5296241864289186,0.1978576516436732,0.5939505491369346
-0.31962041002771,-0.24677273695306212,-0.08042479065238695,-0.47942629922545166,-0.8000439759525761,-0.6091479112971001,0.06146997802261467,-0.2523490076919188,-0.4924961082424488,0.7156788591230452
0.6632983085767137,-0.12055336753201118,0.14898511857063568,0.6108524724368181,0.2730574862443973,1.1571617745190679,0.2169092184776673,0.38470270692778286,0.4685392269257136,-0.935574127103564
0.2832208525110218,0.707862693723655,1.7344596293771701,-0.45539508474860213,2.7915281806870667,1.4357417186450903,1.8106187228313502,0.47522990488869254,0.1268979282390319,1.5250218429609959
1.6078274593728565,0.9519488335008646,1.0612302325116616,1.0256883173443612,1.4761119844532118,0.03954530405042078,0.9892964593313991,0.9571083393930166,0.45721854246539806,2.1453789520819555
1.1882330214220929,0.6917336775968579,0.04086685018614844,0.9623075540403079,-0.5323230113065449,0.3372059899662645,0.08652113696825836,0.5743229345316649,0.6986269176313726,0.24797618779393815
-0.49098614122340223,-0.37831247040048765,-0.4072947122695041,-0.29926874168450013,-0.2772967715705903,0.41089690573096505,-0.36476207779105607,-0.6154766029594612,0.15841277297568013,-1.0593763929737179
-0.5413285223403363,0.36399720129702473,0.7893074293642712,-0.6997268326485937,-1.1154048311345832,-0.4029837563281262,0.7091477244821363,-0.49922334770417365,-0.7415955523565572,-0.8316944653461178
0.8926490503718014,1.0418171386900212,0.8174942311510449,0.358792434562929,1.047210124980495,1.9119418568267292,0.7970443625918051,1.6807110279423796,0.5246531569137005,-0.46793844878220625
0.8112067806505365,0.8631480270199745,0.34086526710234466,0.9271627460276477,-0.6668074961285413,0.3514644075006572,0.320494514222446,0.8512804957786102,0.9434615655090965,0.07961780754430947
0.5322437101415289,0.5855248103180202,-0.9903468486525071,0.6419169756372867,-0.7160878185298145,0.46571642397032065,-1.0781833880043905,-0.005132375080393103,1.7182288685362437,0.6584918903602102
-0.18275848652228888,0.6973522703847266,1.182413031909391,0.20606523684739386,-0.467311917345441,-0.6727650256076458,1.215325495792058,1.2953114555211869,-0.20081339661510356,1.2371012901269296
1.5139036895773188,1.1775013940568897,0.8926374622114963,-0.05550156390745542,0.2759909777141729,1.1278710908842413,0.7620913495284185,0.3926041122394963,0.29801174715248635,-0.5739439090828
-0.6408597508495859,-0.27233943642022496,0.5431392030404822,-0.6312956038382254,-0.7325414335653022,-0.21400109925218658,0.34131545820582687,0.09070110334141646,-0.3436384809660922,0.20570308590367858
1.0963748984100334,0.8469223902447993,1.1150498567915292,0.5178373027410998,-0.4931536164313002,1.322871683226026,1.0781990564755688,1.9011854960754135,-0.21675835570643187,0.6629273043181456
-0.4271569855982307,-0.3543178182335396,-1.3365082894424631,-1.1259458083295613,0.06610426009498838,-2.0779525100291494,-1.3261943645120482,-1.4267530412425913,-1.057884706870027,-0.4138509517786133
0.10014318688808999,-0.7343025527916325,0.8210577246045432,-0.35219110543766874,1.228492469588673,0.032969274217407474,1.022011284421069,0.3125584553417866,-2.056917531250292,0.6604192319455251
-0.869299930260695,-0.9629783539621712,0.8665876723573547,-1.0449709963395435,0.008011905001694686,0.5967901926054537,0.9058720354132674,-0.7659950514653247,-0.419044784991911,-1.1941153047973785
-0.8066926895080542,0.020413181923686352,0.3157213503254752,-0.6121445416065399,-1.0751155474572442,-0.5450430626075331,0.2643125567947209,-0.0901920063279249,-0.6770242241577762,-0.6621902518872957
-0.11489742021666416,-0.4100073621557385,0.2667968700509391,-0.48295905584382126,-0.46221743484264266,-0.657380670285761,0.38436027375382764,-0.9813636772905738,-0.7475941030661488,-0.6107368896664411
0.4020100791898926,-0.7391046784232458,0.8725118564507284,-0.28000506994794705,1.968166464659589,-0.6265650893216161,0.9419836539364042,0.3082423978667066,-1.5523698463039182,0.8575058651913423
-0.12383697145207861,-0.769402533342145,-0.3629844824142765,-0.4125307130943838,-0.8690668935981023,0.1763555677792965,-0.2844669564292417,-0.16028193120246215,1.1385732479466242,-1.5077198046556077
-1.5727025088403934,-0.2719741441360384,0.27512119910556976,-0.7348909898881857,-0.5000141028849896,-0.7678302381879121,0.4281725353425827,-1.318600535782025,-1.2981336172192641,-0.7035689520905635
0.24839547266128648,-0.9116772821416816,1.5490540757637064,0.7499953564438329,0.7597875142118937,0.015541489812108011,1.350717310491973,0.7436133105911722,0.009711025151773356,1.0441116019073888
1.719483881386168,0.8507335717586102,0.8959095935097139,0.8670102859379085,-1.004041350748139,0.525687031447319,0.7076409927863097,0.7862268981698435,1.2762029536224873,2.2022145000746605
0.905243843579683,0.6900677015182737,-0.15736978292261483,0.5726967674692105,-0.2370603995061913,1.056692121778724,-0.17807363208794413,0.6720192825318918,1.7511893326013706,-0.8477516242655838
-1.4802969290176407,-1.225258579943329,0.08051034031745985,-1.5655990748435897,0.6423344361667205,-1.936764331951622,0.04804086484546133,-0.20641949641321844,-1.7443854629094062,0.07429219482401095
0.3408235955885175,0.019078021074165008,0.010162245013134452,0.1187875887080736,-0.16491621691511682,0.044028790240531634,0.03626090937837034,-0.09743461709831536,-0.1662432451694258,-0.6500429504119438
-0.7697098120927421,-0.35525059581931373,0.20199681142753434,-0.9608656208455386,-0.9988329140251153,-1.438208354835865,0.11561705329859251,-0.362706656539558,-0.20479512990488047,-0.031031219302576574
-0.35605852264461646,0.07232813561131479,-1.4855445921753585,-0.3093942763824771,-0.03257043913689017,-1.2350803665482317,-1.398060025400639,-0.5820540430408983,0.025703896084905864,-0.8577481859183536
-0.5414461767823013,-0.4698108701268211,-0.29748720424936437,0.554178810067242,0.6145576016733685,-0.230074380769679,-0.3824788173824345,-0.22558620828294806,-0.629401412932566,-0.4330708620907444
-1.270563091213944,-1.7028385743651597,-1.766618219728116,-1.0888775050926824,0.48154342907946557,-0.8744751882544506,-1.7403320678095042,-2.0465357812254297,-1.2184227131988337,-0.5474676842623012
-0.8323993927787114,-1.0182951668302849,-0.4343863008723474,-0.6762051677850422,-0.8390380068685772,-0.1357016192920355,-0.5279677280559554,-0.39052883231533997,0.14206807773234686,0.010477434968379384
-1.8062403839503531,-1.602261967400409,-1.1986749670673476,-1.210563919748779,-0.8690533731629415,-1.1990086399952133,-1.173480186776942,-1.545574025993119,-1.3560730584013072,-1.3910144187627793
-0.9162625380004101,-1.2540148978232537,1.0526920706008696,-0.18135218134193565,1.000777667703744,-0.33856800667365405,0.972762215927105,-0.5586547696548223,-0.15132919265670353,0.21252846584866347
0.5688747553350595,0.4154177018684777,0.9577336063848634,0.5357603120120302,0.1354666141902925,0.10423915592889443,1.0467506850459358,0.7630833405273734,-0.8818127766026009,0.4175975614189156
0.5524350225489343,0.939063657189763,-1.9260912061245108,0.3313736993004568,-1.425112608060772,0.5145935913590165,-1.7645902662563913,-0.7701869390366483,1.980209133005701,-0.7227624249335349
-0.5785194409045289,-0.9228734719363274,-0.01559920447539298,0.20335102921671933,0.2754936307007654,-0.39659922069915865,-0.06842573634457949,-0.2858840168773895,-0.39429988746587696,-1.1439137607328576
-1.0000993260277937,0.014674541771455551,-0.03086734064686425,-0.8454429186786001,-0.7980641106262567,0.24487481456651494,0.04941057825453754,-0.484837261811208,-1.1690194159959901,0.02062671441603925
0.10559739261771028,0.3683101043388888,0.909220432655502,-0.15900681722803256,0.5852434112675837,-0.511004668728333,0.9788925767370529,-0.025305405231392797,-1.3276896391921582,0.7589817527780269
0.725842790996694,0.27248172700274154,-0.8509978907040932,0.8697477784917282,-0.4427428877161219,0.34420568822645237,-0.8790372913827014,-0.6138396488258877,1.0182933266123655,-0.6665069658802167
0.08702042367303875,-0.09872424235618382,1.5625461994025045,0.5425075900966476,1.2885912041572851,-0.34489479508977183,1.6166518712416291,0.9976472063362962,-0.031537559384560154,1.0556350379110881
0.8385661736538168,0.648193902687126,0.39105645672316314,-0.21483172803152684,-0.27641671184149175,0.19728360496571895,0.38436492716095927,0.7776749249405839,0.7454765007596507,1.3123176159206196
0.013223366439433448,-0.15143256419742102,-0.2066837423180914,0.36979358992903144,0.1779688724376598,-0.4360545741288888,-0.3226892243465045,-0.2543930664619438,-0.1844059200675474,-0.5580787359895112
-0.28891145771376614,-0.9848187600451865,-0.9166329657005008,-0.6773099890789354,-0.8300937227232055,-0.18135062793260204,-0.9812047145596807,-1.76200505805582,-0.2884530501123663,0.07636360448395862
0.8709770590072594,0.2729434793582186,-1.3817193549039075,0.7443296713390737,-0.3511745655162315,1.2029427101555257,-1.339156483101533,-0.027175639992492506,0.7837561625492526,-0.383645935748973
-0.6155958616470798,-0.17201778104208643,-0.6885921692519332,-0.41602708339269157,0.3570616284644075,-1.1964076781990798,-0.6853792480796983,-0.2831478798034368,0.25315703485830454,-1.1391849971830652
-0.15303019573798338,-0.3920942643308081,-1.647981055364653,-0.8096729617718665,-0.7779663566759609,0.014094980013055647,-1.5743443064011444,-0.5380059010558398,-0.40597860537764063,-0.6141893235560474
-0.07090495602687952,-0.2108943102266494,0.6639835835449048,-0.5664462283147031,2.3319412218843354,0.8679250931021443,0.4979377583040332,-0.2718511732391562,0.5347775401396575,-0.3127666615982889
-0.2545181416832065,-0.7563285391561294,-2.119852040104888,-0.05674357100531324,-1.534709740895778,0.33845354227048574,-1.9810581694723624,-0.8137177529497421,1.0741782403993057,-1.4716616655668986
1.0293460155371896,0.2339376875970629,0.36447517286910625,1.003650456014725,0.2773771594693244,0.595723080823177,0.422625015626636,0.5222942120662992,-0.048617742122587515,0.8499133829182028
-0.05294266524060731,-0.0036598660059325994,0.04433630098742469,0.3268951459940581,-1.075931778181257,1.2445901616480342,-0.07397494791325698,0.438978427733673,0.923239144103718,0.1579635366297225
-0.5596244136677342,-1.0692433600285085,0.4258598522810644,-0.9941258079597901,-0.13663880693027863,-1.2911238783805175,0.3083208266334623,-0.6341333746463533,-0.6012836231361689,0.7123573029743966
0.10487504634875222,-0.29484764984408685,-0.09908986446021117,0.4557746645077714,-0.22775407054544416,0.505593172534077,-0.1511108801323644,0.22840351276272486,0.472065177937111,-1.5403429637572117
-0.6403775896758361,-0.9378363358573552,-1.2229243468755158,-1.2998417960708366,0.09596610717991894,-1.2102817687094785,-1.1603217776797123,-0.5940986408791105,-0.6871686479935306,-0.8851296199054559
-2.0327627741378365,-1.9390485137064388,-2.1970351497748197,-1.793757735668919,-0.2008957524349455,-1.854670778756713,-2.0497617453374914,-1.6871321574581088,-0.8640122121851164,-0.5016603032397597
0.9152576410754136,1.0690360723310732,0.058007222427477245,-0.22474580917867115,0.38530860580067383,0.6691684388900967,0.21443393401818867,0.4600731820905821,0.5054381660834224,0.2046861261308095
-0.9856659541637782,-1.2536506618507701,0.8737053974364244,-0.2918861417310836,2.332295083804638,-1.5711012043271921,1.0231689062749183,0.43011209123869776,-1.321543957909853,0.14815509542086147
0.48703503652302516,0.4741748940487014,-1.179323342385942,0.8818732615472982,-1.2586292127746503,-0.7960921781428851,-1.0723165561978476,-0.4460578704638465,1.2531349096620943,-0.8808510251899406
-0.41340116876745014,-0.8114267890110796,-0.10012712675211333,-0.6582205005470314,1.8887413895936334,0.23308530817791961,-0.029596530041089864,-0.47642315887787845,-1.4794393378601853,0.21768910699938715
1.2310569964301976,1.660526937161194,1.4397177344781085,2.328073099550238,1.781988320308301,1.871285533420064,1.3342946284465143,1.116994364587299,0.6318599021046793,0.41161715920588904
1.8313667235975117,1.4790908780532845,0.8187635215015234,1.8568411877822655,2.587349827821356,1.6777376904552739,0.8107594566254193,1.9512938118368766,1.0855714216140768,0.4179583075085702
1.3425474643008783,1.3522470688039903,0.6618782272780663,2.0517661286212387,-0.8527815892533255,1.0092986199018696,0.6702436987134206,1.6790837980806828,1.8157170764625334,0.17412067184022817
0.2859985039303865,1.1819982923298085,-1.1179513667193532,1.7001301761265495,-0.5273853279577452,0.789750623375312,-1.241714722578763,-0.41857139440435276,0.5295584321515889,-1.3778093618846015
-1.0681378377403234,-1.9118492627685555,0.15586510029334022,-1.011202608988242,1.5505500960334757,-0.8621092233321406,0.1974317178983256,-0.47789986268253415,-0.03906011324397696,0.3735920374306261
-0.5399795111486583,-0.10748240832072042,-1.5450152923231144,0.2723129675396194,-1.2513173520956116,0.676586852150308,-1.4250060507970375,0.29432067507286774,0.3291503360792376,-0.27986443533882266
0.4037331687686674,-0.33950890982032433,-0.27097846597621356,-0.013192935308325104,0.9908479277381161,0.43646765666233023,-0.1452868827302609,-0.010334960403270088,0.5099138247948503,0.647583705609577
-0.28244242125265373,-0.5705523374440418,0.448010609376297,-1.1122023182705334,0.5782356108314985,-0.455015508245765,0.4290858956919692,-0.38643752655571006,-1.7142139167553978,0.7083542875045623
1.583934666584355,0.24619209475531534,0.5173572095075087,1.5083616290413602,0.18082735981988662,0.41208448147642684,0.3777873573662873,-0.10032640814279148,0.7036668929231382,1.4933975158025987
0.045677849032472295,-0.6245427451176511,0.36380251438595224,0.3803813984268345,1.8546877046355803,-1.0079654500001425,0.4404562678844286,-0.3196220556310436,-1.453908640914051,-0.2486123410280925
-1.07271082739544,-0.34575989518270944,0.8074231539142147,-0.7905057722902029,-0.10016422782769041,0.8354999859735699,0.9064913437050564,0.8269204008593078,0.3495310795576074,-0.130772293947075
0.3650474645655777,0.3656172452692772,-1.0606609672659033,0.07662052558589494,-0.3252265614907941,-0.7946340097478242,-0.8586975481402987,-0.5319752445211634,-0.3084605148760602,-1.426540023364396
-1.1838516083746526,-0.8128658748901216,-2.0091440591713763,-0.9134889493798255,-0.9152579895619795,-0.402621568049085,-1.908544776549661,-0.49481983414716524,0.3665966668759211,-0.9121042933945773
0.9775574718653388,1.1030657383544167,0.5840309890645585,0.9606198538957642,-0.9370738529341907,0.38639297664246897,0.645617181780608,1.0793326631755917,1.0011252717890784,1.2010084093790283
0.03206262232743029,-0.3069878166543276,-0.18510246663549879,0.06613075390487211,0.45373605119129934,0.15589422948812626,-0.11291739874877749,0.909891331102699,-0.6552690636226544,-0.4445847727556611
0.9114318487845594,1.1038327159370738,0.5834523436096788,0.7092334655244485,0.03677127226612242,1.0535386718996733,0.6882209874495402,0.49682843138680255,1.613971293049417,2.162275148905792
0.1332968812804438,0.943728427349015,0.15367191420409654,0.32095237101020757,-0.5756765726946753,1.872552859272787,0.17877483452775778,0.20682614514271336,0.38503891174968885,-0.23854891256883093
0.2908201174991518,0.6062639624951771,0.0848833287063826,-0.3752751600732154,-0.3761091346786998,0.09843336866254049,0.05841465075718588,-0.7739550082287678,0.08730197624981884,0.0362342073540276
1.148665084877507,1.124712732344051,-0.311530679497082,1.2775390929874675,-0.09084577282283135,1.2078508055477641,-0.1238934971343042,1.219081291900693,0.8265948494827171,0.3379931180118092
-1.426159206976081,-1.4436597522235388,-1.5416448494115684,-1.315327602756156,0.04655817931416095,-1.8161203385183171,-1.3562432348653601,-1.2680517880689877,-0.2240086267218544,-0.3355260532052853
1.184315749513189,1.4271743461104052,-0.3025160415299979,0.0917649528637412,-0.49540154935458247,0.8836696219044597,-0.17793221930446634,0.2673561785777565,0.9718783256206223,-0.5616484491165465
-1.2765301303370507,-0.43957656482962193,0.048094816650746,-1.116814833997637,0.5873295359888289,-1.4559511235341915,0.06753130909419269,-0.9157820026193804,-0.7620850156290544,0.3475606157437596
-0.9115613981672368,0.22970600571352406,-0.02314546672096185,-0.7520061892226977,-0.2178713192588475,0.1152854141186026,-0.07705020962794151,-0.6928434742299032,-1.442054694071885,-0.9037730766704044
-0.11659235519164213,0.43028856758792244,-1.0207121574665052,-0.3616943183078547,-0.4667015822669782,-0.17776079070551987,-0.9813051957139578,-0.9476410049983315,-0.7146432221672114,0.831301747277621
1.537326557951019,0.5568925079878682,0.6023433840709913,0.9911413470164234,-0.3016587535624069,1.5050870801900373,0.5071355323916578,1.613155144033044,2.0379985001427485,0.3928178689448032
1.0997541332844776,0.43489409533140133,0.6288266707235834,0.41045646448401385,-0.8349382654773478,0.3967088964712957,0.5166993662969617,1.411596846410248,0.4259251646926714,0.7647661128548862
0.9919373770032962,0.5159537381948667,-0.4056060416294258,0.7275565137116473,-1.2916960773209212,0.03213877965060874,-0.5213881855270301,0.6206747099204222,1.8102612731822774,0.6317517395200412
0.11237128471225333,-0.19144182902164175,-0.11808547518739942,0.11872599416790308,0.4841637404188077,-0.9109616415220216,-0.03837063124774431,0.5493474908480493,0.11123316090015578,1.238922623182816
-0.926876135477869,-0.7370985701763857,-0.20391224362265348,-0.2336297343899787,0.002391506828388401,-0.06405920448708002,-0.164011549496081,-0.27780870119386236,0.6820991637696352,-0.27055216198277776
-0.03872473503474794,-0.6436509249324445,-0.018082026355841663,-0.21813678685430204,0.7276898062982582,0.3840515769373951,-0.041465519626854075,0.697391361294649,0.041691595906740986,-0.45358639576807036
0.8177795896920088,0.09367142107112159,0.5229960651877263,-0.3182381949128512,-1.2499565841781362,0.285000777883738,0.5301489902249159,-0.3845663222964504,-1.079942635504267,-0.5389147218618291
0.5436523950440915,-0.18600613923445053,-1.6149214471115556,0.23257065108384722,-0.4259154707963546,-0.0295373754739785,-1.5008028791139054,-0.5261326442964673,1.0932135240291245,-1.49401433205162
0.988547031083499,1.9662735922756838,0.5785891423986413,0.7163999466710038,-0.4627836953534654,0.9695612689689597,0.5159003127082542,1.0170243115207995,1.37006694385218,1.9231339934549396
-0.5494177563332414,-0.8265330843460106,0.3583599812675402,0.11094542670980445,1.8444415261615177,-1.1517958403225066,0.24363889834012298,0.561924902202918,-1.9042758936917892,0.5049560442737402
0.4190951661960298,-0.28773168055704446,-1.3848536858638454,0.8648864725837484,-0.22782473192617658,-0.5638502230036693,-1.337510387209477,0.289760399806255,0.13395786552064237,-1.205153008988873
-0.7725574499764889,-0.9034374253242277,-0.7324477806723735,-0.43358095941948704,-0.400611696100853,-0.016188355711733493,-0.5510896821438109,-1.078580138817415,-0.5284847497350711,-1.3664694526614767
-0.9814042331337305,-1.1740972816369322,-0.15602958541398948,-1.1257396117907774,0.08743850250903051,-0.5042416917855235,-0.11424473896499876,0.047270186922105495,-0.5548672157920009,-1.7238447896997968
-0.44233421228182124,-0.45592894356286706,1.3313475031466169,0.04694449271380563,2.0078436925517167,-0.6318831014783655,1.4125926102187805,0.09081178142878343,-1.551187298297009,0.33012215916892274
0.2463476950608765,-0.2597063506827908,0.441323655071983,-0.8062397056637565,-0.09154685975980215,0.6593611240654127,0.5556768295082293,-0.2596347563339805,-0.1321603550609325,0.05408355903387019
0.22249412594942442,0.08572916762932437,-2.4965906182987965,0.24913848853611853,-0.6947310025237385,-0.00795298732828087,-2.3187711115183447,-0.5383907620343962,0.348248057578985,-1.580557070688883
0.06050637866371744,1.4769228570412452,0.6708905750037957,0.8619069465712528,-0.4901782659870406,-0.03241225487238353,0.6153025155517753,0.6508416183369263,0.026088203029459578,-0.4634891131861423
-0.1962529428540165,-0.38096812729565954,-0.2071014652544818,-0.034450239090801915,-0.6832801013715653,0.7576699550739932,-0.23986292360723382,0.09218830342388173,0.12845698246837856,-1.064228594762426
-0.1484930588885618,-0.18969460588414222,-0.43168530642287806,0.47397114651903394,-0.1685827387336758,0.19736461958780183,-0.3780076858256507,-0.9411845997601631,-0.7559245670627206,-1.5043987055360049
-1.0150692267397972,-0.6370244793415623,0.41073292973669595,-0.5406816683151874,1.463856359065005,-0.861469186331874,0.3048545449710218,0.6424163603696798,-0.8025709165584232,-0.3999201190472377
-0.5510199561956597,0.5384624229391193,1.465697154189911,0.773310365886573,1.9882973618221627,-0.04526314134329823,1.434454499235926,-0.5952053576002072,-1.1591677254241404,0.8687308812832271
-0.5552706703583681,-0.6926240257562313,0.9109063848190999,0.20000174122833414,-0.6593051526733689,0.19718632563433403,1.0016491984933964,0.2155700791554409,0.19064783014937348,0.6456385382080043
1.0451052677226471,1.4554465545497806,1.4395088092023798,1.009144558745902,2.337766067783832,1.0270885673684234,1.3706134177919012,1.3982618032641767,1.0463962299754712,2.0913053537897213
0.1870636288051628,0.355556937167421,0.04004226188408211,0.24711295830104518,-0.39976272638071464,-1.2761209021233526,0.03714875830928577,0.15268223786142698,-0.638387481954851,1.236187346054976
0.8967473607897318,-0.06026718331270331,0.6951991504975013,1.00105676144085,-0.5444180502621236,1.0526423273262253,0.4400024624322896,1.0538859094749569,1.5161728361772475,0.9587869881270308
-0.7039459018706111,-0.9897622663338552,0.7061926266578666,-0.8691145753728051,0.7471102055799861,-1.333842329703316,0.7302452544172411,-0.16181389732446405,-0.5581952921781124,-0.12797889681633023
0.11233448448570016,0.363540097094301,0.26946454798871855,0.5338060909671185,-0.16970181299039666,-0.7239227618271116,0.17720667275352753,0.17029587298657134,-0.6978068668827291,1.5312695378570425
0.41575405419672506,0.5947286899554456,1.3582646802578893,1.2676979789539473,1.535428403254457,0.8495692810396349,1.579437480548222,0.9455785391783138,0.5282901986934121,-0.48127107444088324
0.03731421192378548,0.31916338066548633,-0.9808181491625874,-0.1321092608413892,-0.10621157138722026,-0.46718821418983225,-0.8528893594657347,0.1353976078580672,0.17941222248646227,-0.009781622022956071
0.864716614365534,0.985289577036383,1.1187644499659655,1.0808332064261776,-0.3768287185699677,1.2401770961508873,1.1152861601062796,1.5272806914231296,0.4117709280262716,1.739472597614622
-0.816184809061042,-0.034146694572427805,1.4513636468283266,0.5585836373419397,2.6546827613856294,-0.5297488652455513,1.5169527052976264,1.1617164279568897,0.11364047435927205,0.39235802579037227
1.542730362555858,1.1466730495576485,-0.00042939585728163365,0.7527797201674957,-0.9954005660747498,0.16107820081867885,0.055209534488312784,0.061918743552723754,0.08374407966630315,1.884885175923273
-0.3069026985419896,-0.6550277195419767,0.27294185350569933,-0.6909654892442632,0.09255458827257712,0.4893731632049594,0.20374714386525739,0.5740841429033026,0.2188646288182099,-0.23696188062581314
0.7137366111414849,0.1743647888633859,1.2485405653314956,1.1606251790144597,-0.004060752590703487,0.46252833790401837,1.2627123819731878,1.2308698278875454,0.17029409213591862,1.1661750513512743
-0.5911765239870874,-0.03160015596222365,-1.2854129309707787,-1.1941588329081014,-0.40032360478107876,-1.1901841767245287,-1.0461579869599973,-1.2142780946742278,0.29985662714989303,-1.2605964874546771
-1.5644984865886045,-1.3867032370399102,-0.37605815861417113,-1.4612196170819516,-0.46705542312429316,-1.3520772603147861,-0.4388071895164103,-1.4272677047929392,-1.1190897229339498,-0.7791750139911073
-1.4373084756275603,-1.3327263243132847,-1.99134334932387,-0.5469424683880106,0.18891001892461645,-1.340081113307292,-1.7885977797268424,-1.9447683992143538,-1.278460776875363,-0.6248994163188399
0.9757859723642923,0.3262943515292136,1.2750432397658642,1.0941841822204879,-1.4363941174160573,1.5665409386070905,1.3022651186074654,1.0329402215047594,1.8052049262564651,-0.461746460198583
2.4509895345242967,1.1455504467776336,1.467227677389019,0.914481895910285,2.3353460820597434,0.5852781329789423,1.4824736603295605,2.3798233812121907,0.8668633760753437,2.1534323919916005
0.12085620751804527,0.7919167886921059,1.198687570045422,0.5193020482511201,2.090112187548584,0.684482598679665,1.1473678610291245,1.6015534985335762,1.534961520446359,-0.15105150696672354
1.1607883619683435,0.07115985387463297,0.2531757082836066,0.17060048833275232,-0.15372494247094437,0.19268230145405596,0.16404931710712845,-0.4293343581412046,0.8560767485114411,1.1529341394170842
-0.3591678839454744,-1.1398590064251835,0.018608725349622546,-0.8601246293692384,1.5365894701353682,-0.41919175856912716,-0.10812473353621499,0.010143211133254226,-0.7414866863737188,0.4496677073866522
1.008422341896221,0.9383002167642189,1.4966713908436304,1.3341707960425992,-0.6867060690076698,1.3674724462285894,1.5393296896502306,1.3660772606081082,0.24928854302167736,0.3285479452636082
-0.6339492957722541,-0.21197079632474924,-2.1494340672388716,-0.9614955576216744,0.14152986351265895,-0.7032455522290775,-2.0159010192955975,-0.6321539883688274,-1.1137526758811873,-1.522263738475658
0.7557363584019186,0.8981928836183215,1.144510387884111,1.1393643459705345,-0.43541105189008533,0.9780375123967815,0.9935640096655334,1.5446608895545069,0.9638274664730488,1.905949430720284
-1.9595849184743201,-1.5076310333497531,-1.2789241536383997,-1.3745401185277615,-0.3737868283133139,-1.669046848205312,-1.2309350846999223,-1.4579248777044995,-0.7412218428071355,-0.20811176444044577
-0.07011304783077321,-0.1349761862966261,0.29605138676470233,-0.44459005777389393,-0.559649873914509,-0.2883355721745602,0.33920495156348807,0.5583788906114933,-0.40902770333801186,0.5148828096537272
-1.3964396046544607,-0.8799990623383565,-1.9066562244988745,-1.8327374564559022,-0.44493191551399036,-1.981962502700867,-1.7915281904570293,-1.307249816723015,-0.3263873799769499,-1.6110355651760528
1.5178540128499662,0.7322136921575293,0.8580788344881967,0.8771587827596932,-1.174789373452768,2.137990764838264,0.7387448221543309,0.7500421895638283,1.8267558896718583,2.1926262444833355
1.2775764994630663,1.5428244918311975,0.06454579276214645,0.9277530555227713,-0.23463751121046528,0.1493171765838497,-0.034978610042117,0.8673818692345776,1.2336381804580014,1.7403284344147778
2.029644917860651,2.348572496292036,1.0823850064853104,0.6061673558324401,1.0306704624526901,1.035621428558784,1.1005946516453378,0.7266263418641756,-0.02912626876059221,0.11444597560171132
-1.0107280848744722,-1.6741254452472276,0.3167156912279552,-1.7128015474736458,0.9328413925095447,-0.3885861430159139,0.2082894754237259,-1.1968936791636224,-0.26376495088425145,0.3006663566975476
1.9167216933740292,0.9335760390636096,1.3308581972632965,1.4249816522625451,-0.500110907014232,0.7309324675564994,1.1687715230323192,1.150998793382314,0.5809771727394946,2.0248179630725645
1.2985041542528961,0.7933950641072443,0.29300891693037556,0.9301620719234052,-0.08273437843809006,-0.10783102761399732,0.18989451162997284,1.8961440505645442,-0.20923340771423682,1.750075455272281
0.8340527146605154,1.468257219177758,0.523924579623781,1.0881633197878955,-0.3982570415840456,1.8664279822287426,0.5014966661719882,1.6102578620048007,0.9279798072720951,-0.7675767399832694
-1.1587101610921309,-0.8928864568315475,-0.6659254172684541,-1.4449432893899257,0.03874526618710661,-0.5543658395266675,-0.6756415101453968,-0.3810426743057178,-0.9637798483329902,0.534190463601135
-0.6952177048212889,-0.9537604222496157,0.6561969699480414,0.8133366685542569,1.7620437443183619,-0.11007936308453736,0.5789091764838759,0.7672129226830293,-0.6256525051062454,0.6311490404650613
0.1601431555329782,0.4705842823441344,-0.6149005662671243,0.6471968813622198,-0.3950074399699588,0.3416648303485772,-0.6249326781635318,0.25808996962496167,1.069635228334846,0.85834883611642
-0.11286316384405382,-0.28735541400783404,0.3056766154077195,0.15933961391056073,-0.7562290463996106,-1.0241118278205477,0.48338136134088927,0.402748469983635,-0.23457268082165683,-0.8078596438199384
-0.4619289766019392,-0.3154061540226394,1.2973670376479731,-0.8468569577562448,2.2499920359150565,-0.5413900859927026,1.1008833079959004,0.6126355949695608,-0.4292106126836188,-1.0312927359927926
0.14436456209114112,0.02019966859552369,1.0135842665213204,0.33436016183622996,1.3122612368586601,-0.24398265759975857,1.0978047488413267,-0.38979450558781537,0.01116164366248995,-0.3683561110838127
-0.2030683637333368,-0.038614400298683904,-0.6657345946703117,0.04639290204795543,-0.07902972256488283,-0.41578485400589216,-0.6456119516878971,-0.913079714766809,0.8549836538581985,1.1321786381677157
0.7388162649269816,2.00439213554273,1.3953951223302283,1.403459515349823,2.026068661525642,1.4816141119399617,1.2506730384629918,1.6846385920016473,1.4488845707604412,-0.4785772787870428
1.6973139675412767,2.0174827752507554,1.3347303206808192,0.5599085323156032,1.958269171251061,1.020221959485184,1.5946595518862523,1.339919987380199,1.2577292189982217,0.6986771760305146
0.2066596746653886,-0.40501466458408686,0.8481899052057997,-0.43779856362743885,1.4559117397220689,0.45459659186383305,0.7630673492622009,1.618728812700283,0.3443867246842274,-0.5461606204642067
-1.4430383501137385,-2.16000606709531,-0.7425407240059485,-1.8289732270059176,-0.469703420027173,-2.073290398830636,-0.7507603456069774,-1.4619544634301747,-1.1693033415567697,0.12194775122725332
1.3517894111432724,1.581377187221733,0.5907390843913163,0.18227585886779707,-0.8359751259315829,1.6562913569980537,0.6181186272710875,0.07156917308566335,1.4999057004888527,-1.0012279646905426
-0.3974120959890115,-0.2945544373396842,-0.9259387817619427,-0.5139618462781073,-0.27373532332997286,0.32303690807714247,-0.8300286124012928,-0.7438016857358889,0.8757802394766259,-0.9244643829315464
-0.6010951528503483,-1.5282790652272524,0.8939902828390132,-0.19073368209865293,1.1827826573324387,0.11659885012284121,0.8758894241814232,0.3810191976481292,-0.10025014183884196,0.43175111142886635
0.2970627670938484,-0.7193624361643742,0.7171615604422641,0.07183428824646398,1.4882298851730411,0.22156152831792042,0.6932673559740579,-0.01499404671631055,0.15661095124687563,0.5403378649361912
0.4652955136764376,-0.17930161502226838,0.8557303637549012,0.6349862227471021,2.223372538378271,0.8209842883046576,0.7091557466055747,0.6918505077578629,0.9799393016892282,0.9900027294406755
-1.0805270996779655,-0.0866130673475709,0.3651299640326897,-0.5323288088184199,-0.3963698011402812,-0.3908980530683266,0.26703695332798816,0.4045534369838606,0.3197290892004929,-0.4211024467399511
-0.08429380139818932,-0.928541713426057,0.9238449524739281,-0.17994759665816673,-0.40257412937015147,-0.6454296093066887,0.8662823781014595,-1.0067336268984945,-0.9868215473507007,-1.3849281092504953
1.6454790942946147,0.8679358254175895,0.5487257468139433,0.9137933152487676,1.775878455211398,1.400276996934167,0.5671763035106778,0.9790278493846927,0.4118242129297869,-0.7821029690001069
-0.08434396927145826,-0.7901293610875655,0.7055972874552481,-0.5949909711307555,-0.8483921141502009,-0.6714850182257805,0.7574826926065725,0.2542332977318438,-0.5469034099660348,-0.4543316676597442
-0.8176993242265098,-0.3801858859224012,0.17585207102820277,-1.1218880515824594,-0.8736692344076147,0.0030880072457648566,0.2588694217142802,-1.4078123645103915,-0.7395102165690588,-0.09417140164487137
0.19229651835780714,0.5101533411962009,1.1360872944844687,0.46582772459078114,-1.109076401112361,0.16097878060861603,1.0583739772614535,1.51170860111597,-0.5278551620504004,-1.0756339184408716
0.053266143771793395,0.33696221629224965,-1.9090590112673453,-0.33810572558286367,-1.3373371869420225,0.4052006057066819,-1.7976958220970118,-0.46942070045042783,-0.6240884728331366,-1.5962286759656763
0.025248222885011273,-0.17574052162126463,-1.63639181455801,-0.4159651992868021,-0.9926775288695353,-0.36627507758998945,-1.4114496130023326,-0.7372928053282521,-0.49032208959579293,-0.9793470663598782
0.9124855539953387,1.8410646472129883,0.652469549291709,1.5468155160197057,-0.6582727691925641,0.8268866966467385,0.7272057267118726,0.7100786423316094,1.0488497175747398,0.9984970850819082
-1.4169037574379217,-0.3872685504684341,-1.8076809864314782,-1.7272023944252624,0.4488221390329272,-0.8592068743688515,-1.896015941816131,-0.9925882702918898,-0.29188442417353144,-1.3996986485442449
-1.1385198373309322,-1.787248571170494,-0.979704459918139,-1.058535620411135,0.6813228257087758,-1.6370206700515837,-0.9630650337380757,-0.740980487626075,-1.6612484127017524,0.14341419426159518
0.5097260717047902,0.8159179637405032,-0.5747630690621008,1.2832739941586624,0.2683554347544401,1.6619069504986328,-0.4345859781396939,1.1520414877409166,1.5411381000267284,-0.581834772455295
0.0305016645681917,-0.4339118524085279,0.7544030834396835,0.918390526487201,0.552233552261896,0.23205083316349828,0.574683776063921,0.05303762610674312,0.08851490536730466,0.005957750509878679
1.459752453291003,1.067471702429657,1.2089590953137552,1.926062127793557,0.7487867058671327,0.8702690932508403,1.2412814405323616,1.5074656414867604,1.545457750766218,2.069781946571311
-0.41580458578005164,-0.6518273182218763,-1.4639472042832153,0.11460864157561446,-0.4273082836634785,-1.2400344326321147,-1.5152381334007714,-1.2111725838417442,-1.0102053499585963,-1.1733038680338268
1.4775022387420904,2.104436957752114,0.9054799976656795,1.600338779928279,-0.6359762052570659,1.0967170459513227,0.9435410105088522,1.4830437507444003,0.8252065458020041,-0.031981745626353586
-0.7495270647547159,0.2470817955130542,-1.5191803835423343,0.5955877963705234,-0.9836306602849447,-0.6589337317749369,-1.439425685313381,-0.02850164677511202,-0.049070767140307225,0.16598040461212804
-0.9400910060903698,-0.07496047356926283,0.26063456130236773,0.17078832358572527,-0.34190673770419266,0.5468441253793799,0.3824981243133152,-0.1082084114641475,0.12553087210653757,-0.42363994394145266
-0.09286711985987495,1.1415717941072216,0.1348694131775119,-0.03848759954053094,0.2513767896434729,0.4568036403701399,0.3139836752325209,0.6250519474069733,0.41680522207116155,-0.8785545323009956
1.040844974716947,0.9852086530008819,0.33963184483764053,0.6735726131902311,-0.20718733726610594,0.3943246263564788,0.3040683068945782,0.6938860732511785,0.5026786973148774,-0.3163546089281226
1.3344825015112747,0.7483606679834338,0.23887675180981205,0.9107108834124347,-1.3127083349520774,0.6712613789817397,0.18030700910981068,0.6309889497965742,1.5529788218254907,1.0031519013232355
-1.101573542874803,-0.4994786961151476,-1.3376944531985941,-0.13453971987473778,-1.0006178799612826,-0.5721394973621727,-1.4688595018978958,-1.3314296925018425,-0.46492339968017404,-1.5554570376089032
0.21711200225217908,-0.618356550396129,1.0517453640268286,-0.1805636617973505,0.17915003948812114,-0.0683787177118802,0.7932465672056424,1.266553858637053,-0.6580650890696234,1.2215955905494411
-0.4755182520057133,-0.6258463566664432,0.2701820180166372,-0.8413655559779727,0.18266996779537692,-0.0030140159675511313,0.17695799455009364,-0.1694941437754096,-0.8990800341539398,0.8531730025415527
0.9006973004816246,1.7465429589610721,0.5914161615539797,0.770049351380294,-0.37535297824670977,0.2633533266065342,0.48709749708950767,-0.3671216727771025,1.033400291128146,1.8308591815414275
0.8066920531837241,1.8044996980188444,1.056975584837346,2.064633001358743,-0.49686411144466547,0.4736240317912461,0.9014894931578965,1.296681411165082,0.2924297273557386,1.9284844797841743
-1.5454561575334083,-2.2426400925214693,-0.3078537942647017,-1.3469289646210427,-0.2350493306525152,-1.5871439586129554,-0.30414690691452506,-1.0242543549979928,-0.2684901592078859,-0.15494091819687128
-0.9842309311131885,-0.1524633852759507,0.17551421866664896,-0.0822538048170145,0.29950263067621563,-0.5795726198451803,0.17168799776663946,-0.7601531230566252,-0.39083055170688397,-0.7918063647227882
1.8213189964726553,2.2303920157373796,0.4867396464491094,1.565280470165817,2.1709668912480993,1.9196251457078688,0.7482453441898542,2.6785185539329177,1.644287345930934,0.6093332385235044
0.2362860513767373,-0.11379033525372506,0.39292619137290785,0.7769007966053323,1.6421748345896958,0.6011378352162637,0.2622461534085687,-0.8363650256451365,-0.5324624516333643,0.31273814397445676
-1.3878274115443219,-1.8829916962295101,-0.8933684366581929,-1.2015083659607626,-1.136743713251235,-0.6651079624103886,-0.8502311183419806,-1.9242750215253182,-0.9534831804689929,0.1559303897429345
0.5106029052578833,0.559566369031927,0.784539124382718,0.30562725354945997,0.45821652294736737,0.9987974933352461,0.9081082684533612,0.07891448607551865,0.8881406674645405,-0.9038601173715506
1.164558662508398,1.372429717940122,0.9961058088158552,2.2351045117939066,-0.04661099844845751,1.1414568321948764,0.7966330279105023,1.4039012898424517,1.366719060683863,2.4870892137614646
1.0577346155114355,0.8552096782441367,0.32232740795279824,1.702603104411537,-0.4000643889178548,0.7408723614283872,0.30367342076260684,1.4635517999267904,0.8884255550442504,0.8431608198397953
0.7031280341489037,0.33556524554842326,0.38038526774471393,0.868750924251799,0.1392333771303953,0.18734625533068083,0.4823469552204642,0.36653864976869954,0.47240554202289786,-0.615361209220282
-1.0228212915922086,-0.5755656326082317,-1.6179140719968927,-0.013700473675271496,-0.5178272085267963,-0.32009616443281175,-1.576310353917961,-0.5163512464569067,-0.09932716177945622,-1.414509467139169
0.07646500082955754,1.4498651881622209,1.2768660336287212,0.0983622668281896,1.5075360959453974,1.9529976997549738,1.355573998480395,1.375423363491791,1.6733700706172385,-1.0670983783354586
-0.3255436293339926,-0.730497998064493,-0.6422511340897472,0.25015963902842486,0.5936439044962754,0.2650908729232242,-0.4815680209048878,-0.4379472921937122,0.6050002261981717,-0.9155928987074731
-0.019359157194230647,0.8306383081608146,0.6136923825936265,1.5021682887335146,-0.9133406249447944,0.5383663031058177,0.6717820560970722,2.3921469203269226,0.0025528438100081985,0.8175358642047286
-1.3351169842759418,-0.35439828302605747,-0.3050381650300551,-0.2256201197487826,-0.6837969026669555,-0.510304886574545,-0.09549750837368265,-0.8295615925326274,0.18973664659051792,-1.3742554812722574
0.0641050568585797,0.7835582689840521,1.2535920857665133,-0.3635322255504434,1.7082537502954551,-0.4172859698888942,1.3293297493419232,0.5341026521346066,-0.38377391318408627,0.14273390861467306
1.3656490671965003,1.2967822099672048,1.191772215468518,1.3002409564924164,2.195396889681433,1.3770945166728552,0.9540214892658696,1.4444830770080443,1.2531301982971854,-0.1479329419635178
0.7911666641059583,0.9182391055474,0.7434660271358098,1.1099026049560052,0.507146878947097,1.582143485534857,0.7952551076996315,0.5798286672884387,1.1450430749650877,-0.20700957075109727
-1.670653543989829,-0.9927961607463658,-0.33417668621859775,-1.1993825661930941,-0.4029022820004684,-1.5736631181783878,-0.18322683028964093,-0.3679370192467104,-1.1256511517412946,-0.3308312665246831
-0.020960267199143345,-0.14790404985797068,0.6429597656103851,0.027566302625928074,1.3590037246083853,1.0260800605732356,0.49154416706096526,0.7672441621361941,-0.374728437693193,0.7666792322779656
-0.7148861223149652,-0.18854017034027493,0.6921094846213691,-0.9899082163647108,2.065210128406761,-0.0859814607416638,0.6839471964303812,-0.16845603260662756,0.3295507323859965,0.6189845501332911
-0.11019738676372981,-0.25318107063503703,-0.07863230011207634,0.2373800064877969,0.5922376208243065,0.5314197981075495,0.0699062468449938,1.2527505122488947,-0.27582152413560834,-0.3447179454703928
0.5865036992108799,0.37266109046413476,0.5617546505820883,1.2204856150819978,-1.5419734812769832,-0.1548753327066379,0.5119574980235484,0.297498765691671,0.27019176584963134,0.22796517490587576
1.4059718550990965,0.9078608049494505,0.9192042235135887,1.4924652602094284,0.34739082375169517,1.0832521603928171,0.7571103005138866,1.1295618350068253,-0.07089034951422946,2.3367846579312754
1.29270935520708,1.4622797126812657,1.271269705546274,1.8291368795835297,-0.7123857708720607,0.20640472877437332,1.1433143794783973,0.3064562534309516,0.2326877514134793,1.5315180159598185
0.18275322491467705,0.2077760327156284,0.6198551009583753,1.0481348580797203,1.5194023583733838,0.7550891898794134,0.7021110675268574,0.4864262684877758,0.5885294283652911,-0.4434016832017278
1.1883941688229243,1.172000315641526,1.6408571073119447,1.0053048939688551,0.12847322733819055,0.6247093340847414,1.5509884400580631,1.6232587885515386,-0.16397979492876402,1.5803092060368726
0.6026738795806388,0.7634983705265768,-0.9989575439319651,0.6881972111794994,-0.8152879717390533,-1.090505738863044,-1.057785257427895,-0.5106440953932179,0.3168921714550379,0.5116171087668135
-1.6612233587195533,-1.6540532967119361,-1.899307884827067,-1.094925227575004,-1.1001370880148897,-0.5158986554666853,-1.7531058093936736,-1.5400674427110062,-0.13861547241413064,-1.6394148327333369
1.3749918050115184,1.0552084941355133,0.30921288239915157,1.409241860947077,-0.44583910933852167,0.9036192360032373,0.3327192427209411,1.6472682231947147,1.642732083194005,0.4781639356863252
1.2703672987224763,0.44801366978026635,0.2959813370671327,1.4843774744404072,0.4519884794772224,0.965872952623954,0.2735500531925936,0.04219713151906035,1.8343215218278601,0.6007920320791982
-0.12499519459845487,0.1054897237354453,-2.112236781383899,-0.3970452441753878,-0.14492712971059518,-0.08696113798544047,-1.840788475340105,-1.227284086259715,1.275895333772496,-0.765892864168336
-0.1420652022983404,0.07553877207101323,-1.61848264631044,-0.13210735325628775,-0.5311796554481845,0.5199238117531877,-1.5496416660168961,-0.5931340144197748,0.7786878134634208,-1.4658528268898863
-0.18967503322164703,-0.24758110654693155,-0.13147677723918605,-0.08478499127159012,0.05510068746264096,0.5610975346304485,-0.22663274054866633,-0.9524582529011241,-1.281619093757854,-0.06184172401640353
-0.8678682332938479,-1.5456992575291224,-0.24957967658497182,-1.3425743397284577,0.042413380666147305,-1.3927460385178847,-0.20486455472837406,-1.3421075306073362,-1.1628650983034277,0.13200727709477178
0.5202493295648765,0.358626053770422,-0.8587289791457806,1.6887585891236085,0.28599441039295925,0.7320703138751696,-0.8946607650977967,0.23582613742837566,0.62556365815135,-1.228274879846822
-1.4586284307613369,-1.661445367102715,-1.4981959367396485,-1.6480350834909814,-1.4816752498227288,-1.7566125684001008,-1.2325671947728551,-0.23885693031570554,-1.7432460248583084,-0.48140138478174777
0.21793380388502115,-0.14385152499380638,-2.1833574043312183,0.5792771421147336,-1.3316788684763026,-0.15670694504444782,-2.050293854427764,-0.6480042843286355,1.4602507343943216,-1.2348455815242687
1.7598174454760738,2.3909985479931493,0.5762562491172503,2.2680522104164993,2.223063426836063,1.5489189899977873,0.5301928169628809,1.3599237099156198,1.5261228263772608,0.9626869460153102
-1.1194859768036167,-0.9667186530869003,-1.565217780709645,-1.1167596471767638,0.20346711384237892,-0.87276171374981,-1.5282652575544944,-0.8458429014831381,0.2145779668844625,-1.412454082484146
-1.1293458239688334,-1.4970053989796952,-0.5052404307168672,-0.9068627851355586,-0.3085135641904344,-0.7009029332135697,-0.4250421231681685,-0.9371482902329262,-0.4225481183707416,0.5015760092037453
-0.8920015295079793,0.06159304667744436,0.1876310221878157,-0.0004271097694754644,-0.844930334658784,-0.41658601023902975,0.14978844777647282,-0.5500198872332476,-1.591542442759419,0.777524317108373
0.9158746271841665,0.05741795252288284,0.25709079743955954,-0.12190770771655934,0.5963691863793343,-0.0810036752105816,0.19829446497033132,1.341940820263062,-0.0007327772491407814,1.4834864727317836
-0.7033699628059367,-0.271154592932362,-0.3156794653586985,-1.1562875518466171,0.037101692706272615,-1.0797267452750248,-0.23708734951310362,-0.20372799116012175,-0.7128204892581493,0.24847603016542053
0.7694004609231797,0.6107646618688705,-0.058867362925411726,1.0432360009654076,-0.05333299220757226,0.8309361279876839,-0.2002277800329466,0.1906441031860595,1.3260259783728543,-0.2746811120023267
-1.1725361376429646,-0.39668580352463323,-1.6814444803837887,-0.6880072007115814,-1.001153026846879,-1.5306410937931787,-1.5574512792927635,-1.0372300281310345,-0.7163875036967511,-1.292594631467182
-1.6345405741765262,-1.304969435397652,-1.0048033682041932,-1.6649396719195693,-0.49332070789932914,-0.07022991244173227,-0.8825731477636509,-1.6373643098340835,-0.5999359051352258,-0.0059986046896938205
-0.8970462870956908,-0.15462958196440013,-1.2383760439040543,-0.24572602349508088,0.09499087158496877,-0.5146597104809416,-1.30475936907078,-1.143703531322899,-0.35191749311889,0.10540418150253572
0.22606856934294228,0.07171716424636543,-1.2856596949036998,-0.5855914798157755,-0.36780365783063473,0.1939889023400383,-1.227729539587017,-0.06627720445248997,1.1628817824775979,-1.1790738631641489
0.45218984488133174,0.000779279906055308,1.2394316643697039,0.45758148630557116,2.433876300419797,0.25082252196932586,1.0409138836453167,0.7603981401571218,-0.6026199537795947,0.48680403401453987
-0.7044454531842348,-1.341959603207215,-0.7344155389507705,-1.6528150529828736,-0.921504337407896,-1.5992467037964389,-0.6671586838227199,-0.1498240781147615,-1.104190602352901,-0.6339469953245498
0.16599608902652108,0.29144008018556633,-1.7496425536880906,0.4672955489896822,-0.7139623715140999,0.90752103981049,-1.6436029170802158,-0.15755738387133533,0.30220723095317226,-1.472797470750038
1.028752561258898,1.3133600803466834,1.4536733831212132,0.36021051487114164,1.9088139281343501,0.49347577148307664,1.4340844930993626,0.3020954552976036,0.1573962523125374,0.9105172091133227
-0.36255772229742433,-0.36305317199185083,0.6759008796000217,-0.4144781363866059,1.8983731443768193,-0.07635999616161371,0.5711242390698317,0.15102309282519855,-0.2473687819187944,0.561332193448834
0.5945980389415126,1.2782920363642916,0.5707492102932292,-0.0285798945925535,0.1451189908912056,0.962910898073801,0.3710371798788401,0.6811955974153534,0.6207405769582692,0.6568778053754158
0.5480979490239406,0.7010246639601974,0.872457862002193,1.0484588178587728,2.0649220588347816,0.7681276711595046,0.8972536617629885,0.9322178562524641,1.1778938515926711,-1.029550917247434
0.34420213122871246,-0.5215903676689777,0.7876149386713678,0.7777265255826933,-1.3873882392208543,-0.062070517308370654,0.6455584198463384,0.18832535110504978,-0.742686116177083,0.8579077775073074
-0.46954654556702735,-1.5164607193024722,0.5638898142096878,-0.7547319771583716,1.3568757350238343,-0.28765670727318593,0.5708529683879533,0.11651656439426006,0.33033706757913706,0.7996074317461535
0.951560163991644,1.7135565789430984,0.6750268011455773,0.42804900233386434,-0.15036190764895707,1.205144728661594,0.6291710831810633,1.8063357192750118,1.01010690073781,-0.26946365710591635
-0.029627170400999603,0.9796000777423615,1.4300428202711828,-0.08692880392845836,-0.9336946533655919,-0.5087816781955325,1.5390671967179514,0.3783649944853096,-0.7989509177423315,2.115889716888887
0.06624227038855679,0.6740356672517009,-0.4708806120643203,-0.2601750512056924,-0.1053801745441234,0.44369749336726727,-0.4967331749976438,0.5480376880468611,-0.29225450802337605,-0.8702253173423742
0.9214868931030651,-0.3567774760613247,0.5699620876935114,0.6667611449520336,-0.09060673079355297,0.8993315694755211,0.5219038131167508,-0.32092334311892046,0.03796986389806989,-0.38580983913288946
0.05830939275441338,-0.872440559676761,-1.26002619830615,0.15083355715250946,-0.546308821713211,-0.03632746240361939,-1.2518909541545327,-1.1099953637935869,-0.584199522984818,0.1403236386304343
0.3116454920545948,0.011904917631909484,-1.2657001520565245,-0.3775731906442843,-1.0550155388675932,-0.46971469675190747,-0.8584057679117905,-0.5086162234701987,-0.5833665545851545,-1.3615836621092967
1.0039780545550911,-0.2391853013268701,-0.36564618893891065,1.431389497647615,0.28990208098159087,-0.3639610729675269,-0.2737215678994289,0.24041781881123825,0.7886845409730086,0.9933971299524273
0.1857993680673644,0.3980060520261759,-1.3008439713485132,-0.21496600757018314,-0.3489009450959202,0.6393176744644506,-0.9600039194583587,0.92153895060801,1.5145078667537746,-0.6771599862445328
-1.4438541576555508,-1.180910888393555,-0.5055179137159485,-0.9511633087022346,-0.9227563312069833,-0.795530572777011,-0.5211622130063915,-0.814318636099415,-0.4295711354016021,-0.9061976030977803
-1.3669987315398657,-0.8505231813184082,-1.9846239688286005,-0.816962008522637,-0.04298689476763684,-1.4523377605261203,-1.719742473000224,-1.6541085339449637,-1.580236652172971,-0.7745274514873017
-0.2917163637578142,-1.083054532053211,-1.4146335405775972,-0.7001837239851056,-0.8453280441553943,-0.654637539132068,-1.2728361878521355,0.18369618398583043,0.7213401768422045,-0.13728888083278434
-0.13027938141567574,0.1327241011440492,0.10235711243171863,0.7458874300318712,-0.6463415903214553,-0.3144250928811516,0.16559943019092316,0.7533003870703396,-0.30776427056480316,-0.06925534861670712
-0.5644735257562843,-1.2275111341605225,-0.20559399973058134,-1.1809433113194245,0.2566943780642674,-0.9388430677523729,-0.19667139949342527,-0.31978506063387613,-1.0558791768926312,0.020133980094215076
0.891006870094543,0.8088981874370802,0.8751972669924726,-0.19834877502944437,1.057538819330432,0.09806277605127889,0.7813231439406536,0.20660361301634111,-0.4053406543307574,0.6834614256003988
0.7925882418742276,2.2732739491166285,0.35915648885293194,1.1216424517515406,0.07239227025517891,1.1259861268030136,0.3718665178732863,0.9816534215478896,0.6709791135569247,-0.565483456638276
0.5168816035766213,1.2356405180235015,0.6238888353839229,1.0301306658839167,-0.3082506518367154,0.10933945662816313,0.5492207052952836,0.5510485666318345,0.8698824824223266,1.6481830477625863
1.1690887924251,0.5921149266305292,1.0036429384665801,1.7522459087340394,-1.2684514628508623,0.19626929318235398,0.9352514398024141,0.828594577669719,0.49629311099397455,1.8737730187285706
-0.9041859866347295,-2.1012082640081644,0.06484649843991974,-0.9648037503829983,-0.31538297125153747,-1.5237964460926605,0.020419152567399124,-1.1478993331570564,-1.2168895936974877,0.34578596097685477
-1.02536610779498,0.23046917690953705,0.8768296844165206,-1.105717768239515,-1.0787783699797728,-0.7987582819356476,0.7456061510827112,-0.884404124896264,-0.9949582066301446,0.8257807858781234
-0.5051219585770923,-0.3332191036115546,1.011925840688857,-0.16093387010187143,-0.46407243916863194,-1.0189416567906164,0.947910122864414,0.8986540782716474,-0.5674841130439745,-0.44225814140645525
-0.8069459596609931,-0.9527884156701703,-0.10427503175719721,-0.6278041157510188,-0.09673221598987425,-0.7289140949575312,-0.09876747127418639,-0.08870342550289934,0.11287954480940243,-0.5357777719236765
-0.019067350169279962,0.8954608789326812,0.45940904993437925,0.421410444418143,2.059643313563356,2.1479844824756356,0.36899888777588785,-0.08919918531137228,0.6501639909641597,-0.2151458689922947
0.0767996799077082,-0.012216392136906506,0.15326162334804394,-0.2471032834109792,-0.798600722415614,0.3541337011553196,0.08823654662046465,-0.13671278013543997,-0.7088128266027525,-0.09571702604512211
-0.4162527592902734,-0.613974812379638,-0.8563983686162828,-1.1678258804257666,-0.31028829657770984,-0.40397160131180954,-0.8812375199638609,-0.7652308999558954,-0.4779434187057632,-1.1369237311598681
-0.9391014726986668,-0.5067114577977918,-0.895641922714276,-0.45322924442007206,0.26890925354352646,-0.9080729015253155,-1.0048260613166349,-0.9663156259694006,-0.5555068706444217,0.0218209468821442
-0.6093856907159534,0.4779107283047779,0.6689058669301176,-0.8268627696171507,2.4608499110234447,-1.6890917661900176,0.6693849112925818,1.643953438331664,-0.847303286980889,-0.2683909890213272
0.8455624703525473,1.1237875262804664,0.861000115495699,1.4540183168646763,-0.0928672270013351,0.29674217231183775,0.8545075210763571,0.30650810838687903,0.7701463643553978,-0.060541939595168515
-0.5409078154270901,0.2500412239596699,0.8652630798453629,-0.42158620703048655,2.105131282315142,-0.3706157743896483,0.9737754160360055,-0.20409154527442297,-1.3454361883432284,-1.291086075372732
-0.10285192463379644,0.5091218224588374,-1.4919767801002308,-0.6614612817774059,-1.1805010195321302,-0.4247589909824683,-1.5356947184159253,-0.6443233549762226,0.930350197802909,-1.1176931812451585
1.4546060877037235,1.078517196705434,1.4110770632253207,1.2777028245436668,1.9007693222010857,1.413312786905749,1.5226783751513722,1.3886146347940667,0.8123390880705301,2.0213991540349525
-1.5319644670462367,-0.6309821415343322,0.45152073702229245,-0.7268579289392392,-0.7464543765036069,-0.9150108503796446,0.4650019040273037,-0.8276326848417739,-0.3144534639319829,0.24428697215739703
-0.8118505418569839,-0.3284629464196769,-0.8523282319381202,-0.7399355135530641,0.454310040373457,-0.16470558716298456,-0.9018772377285131,-0.20020184967506793,0.6718214602274202,-0.6097091429660395
0.5143741216761555,0.13122577449303208,0.8125193409032363,1.0913895788107766,1.3587519797789014,0.6457487979427015,0.7363917163638689,0.31692197078155004,0.06912657829252566,0.25495144879732834
-0.08774102577172016,-1.1659874249016866,0.9497797037911369,-0.4031318388224463,1.9202002169586194,0.02776677917916004,0.7630071651112758,-0.522618444489126,-0.41615416514014214,0.11138465690191879
-1.3152990438806,-1.3049246081260435,-2.6909849720650527,-0.7109231109934626,-1.247560064019126,-1.1599242746157188,-1.7772019840335815,-1.8432374599169634,-1.061202232568263,-1.9805267257240757
1.7090132474522761,-0.2786281150929426,0.8893778167894197,0.1619022346623069,-0.7174837811465125,0.9707224700263168,1.0075102911623617,-0.14579291339623524,-0.3790459084743816,1.3256149422686576
-0.7283723127147823,-0.9225276009401568,-1.0031932630779465,-0.8754800271235581,-1.010580535081317,0.9683925909961317,-0.8825611926492911,-0.6903107522830396,-0.7451928346763452,-1.434618612889608
-0.07820515081562007,-0.14118169259927527,-0.20557478638045268,-0.5872136096368195,0.0423910201700437,0.40245456110312716,-0.1715787666507822,-0.6269032360632991,-0.8678714918346486,-0.34790697002426896
-1.4503383615483472,-1.5820961577192065,-1.8889926790034224,-1.856379465062787,0.25349134761901837,-2.0411183756990567,-1.6155230278391173,-1.9296175236800082,-1.7089241577841676,-1.7199002487730013
0.5065809324216843,0.8559564849838353,0.867405291708792,1.1489247846402577,0.17983645644355306,0.1466911940464115,0.7859465493165771,0.8247265634745418,0.4503417472524234,-0.03749270972161867
0.7470562417111068,0.47450551693054877,-0.1024268198871141,-0.4265127158651012,1.0691870661674443,0.28003267918063557,0.08773910942181828,1.5015318805162678,-0.26385767279028016,-1.1199842352771157
0.16645027023264447,0.4851188430984621,-1.7954262470345839,-0.45149871224566596,-0.6370233836105399,-0.23030176765348642,-1.5886257534054948,-0.5933932462276061,1.6421498840272761,-1.1941968871815334
-0.002806366123877524,-0.04933861790385663,1.130985033003526,0.5274124778770783,-1.2486439254573156,0.6819539334804858,1.2006358476137393,1.2494510160486243,0.11520486308700129,1.381952971542887
0.410730533437345,0.40572928547226184,-0.05816176967252673,0.2867016903711601,-1.5592114975970617,-0.1000155730989718,-0.02384245374457805,1.0837568820002161,1.399833603379193,-1.2710834054068982
0.26581433423871204,0.5283986809390626,0.8742200057670289,0.6647483029701107,0.4537921254019892,0.5809046134612572,0.9641813845764773,-0.5064007066866907,0.9218605695405273,0.8965308845183699
0.5119448690059016,0.8789852955214883,-0.08127670735734682,0.8509133051219351,0.6348606737983573,1.1455439680181598,-0.10371906870750536,0.38256034353980795,-0.3176690291329578,1.6077434541393814
0.013433261086902348,1.2679943254124737,1.1428067092365382,1.396046086516435,1.229504836465651,-0.2250096408712352,1.2304045124260483,1.5225257812644486,0.15666120784059956,-0.9608452837635468
0.5709781975383521,-0.6920657890286748,0.4778147403467301,-0.14072681486311467,-0.5668889177195808,0.6307245666479275,0.5383281885110591,0.39929983293222904,-0.8418141200927494,1.1036862331948214
0.6105107617653402,0.106886051942638,-1.8188507555350952,0.27498927761917,-1.4252394441864453,0.6982437032089592,-1.8622251890644748,-0.38617585549854994,1.3844673271551073,0.6306679116062242
0.31007582383017507,0.6429598862750936,0.3637291420031943,0.7259794407128766,-0.5235588778960221,0.3358384765600704,0.3395283342467792,0.28981489224497636,0.47092071503629995,-0.17642215624891833
-0.019616189591943112,-0.2891269411129542,0.5002093152561429,-1.0432492369036481,0.6446145531347724,-0.32268623044467404,0.5292014530191409,-0.03411665844760137,-0.04161656827773186,0.024866859091389415
0.5037572030828414,0.16747507384025084,0.08792033244321829,0.11620855333603686,-0.2073790984519377,-0.16191177920666178,0.09801066721411189,-0.2523666983106523,0.03567079007370921,-0.5145108140541197
0.8863482448309696,1.3834219429918448,0.5260720419755671,1.426421083360765,1.6137925967632327,1.019880802109924,0.7864672479538513,0.9592305169680913,0.5539155026637417,1.301073024964353
0.8051436031464618,0.5969368157002464,0.7359338205678796,0.6580503134811124,-0.212159926580469,0.7027259602449476,0.6867631146401436,1.160929846271756,-0.3906273914653866,1.4858803191182233
-0.9886614463448495,-1.4737905933143338,0.4878500170125335,-1.179398237511009,-0.5277220449046212,-0.6365958726624967,0.6713710068247565,-0.17960268977049054,-0.9673455074726007,0.5742693255951963
1.0238433790673298,-0.059372876856286894,0.6289910141933888,0.8401357192888099,-0.44268740645111393,0.9507505162670213,0.6530754395798795,0.17148676189117396,0.047396698137163185,-1.0692039280463632
-0.6853867672007254,1.11320180085022,1.4546522340033334,-0.19930172320994188,2.320296982510456,0.6154766742723723,1.597421499343909,0.526979715721609,0.8245434276242918,-0.0014310507019672514
1.0729784839898002,0.9877657979614014,0.37368920160974994,0.8812824593468349,-0.17764295917368145,0.7045272062538288,0.28870232322060474,-0.1599146676462624,1.1691148870509096,1.4149812752787057
-0.5582837534057035,-0.26428006039168395,-0.06199863763140456,-1.0960230583640396,-0.6546473049986901,-0.6344474761668835,0.11000163802509633,-0.5447160083913332,-0.17269565014521504,0.0020826790128012362
-0.6753444584680892,-1.4715154124987748,-1.321522714522871,-0.8311647931633388,-0.3207659588566969,-0.21309454632717006,-1.3959241839966126,-1.5624952459734232,-0.6599395434909638,-1.0699899708131397
0.7464449566625717,0.4329302393721264,-0.08787558709809673,1.0078208424876038,-0.529895097399276,1.1048004153238935,0.16624558089870334,0.16043848758727108,1.4940720288632292,0.3027070304208337
0.3761217282274174,1.0833121573141398,0.679746423814322,0.8945784542011097,0.04388524347450584,1.2986315533374864,0.6391146530047536,1.3036428418354262,1.633843485586425,1.423885700924302
-0.2609762426930047,-1.5469559121320344,-0.18617822490682556,-0.35123102866782574,0.4186819621024114,-0.798945284194474,-0.28039019611878757,-0.42511074797221227,-0.6374462098556251,0.0833114072013359
-1.4385698508964424,-1.2331914514779783,0.0398935472330777,-1.0178466891811695,-0.04665080135262656,-1.5331169770939823,0.13188419404377782,-0.5445835524333233,-0.5855429311895932,-0.830426624640495
-1.073755297693424,-1.3523147642972617,0.49800075133589417,-0.5669400425285858,0.5599060501624251,-0.6809966415017925,0.5638281242190715,-1.4249719649383223,-0.47625018072449166,-0.5497451977171295
0.8551200492267981,0.4468988259723119,-1.003398595795943,1.4064496283889412,-0.09815814981175208,0.5743829483641321,-1.1128387615731299,0.0429284086349071,1.0764161454717396,1.5306528557323418
0.13460353070058773,0.16555602529297175,0.8175100113430744,0.7088181275668148,-0.33819018042868265,0.9908732182351514,0.7411511647749194,0.30710289608214225,-0.07102462323382497,1.840670782903544
-0.5068236290007917,-1.4613865025658015,-0.6391603877746093,-1.605279497280094,-0.6629650237530313,-1.3119143382060656,-0.5168036175446105,-1.5291930737148505,-1.0084442624738585,-1.6918780920832432
1.2369427379680928,0.5916324146783154,1.0071610289132877,0.7679142023033592,2.409891196513229,-0.20672524774147405,1.0447577985896714,0.8513576561463196,-0.8510003606570535,0.9850340481491457
-0.3269151048250478,0.10545497018028982,-0.12614430816392996,-0.42664426632472896,-0.7771538863325986,-0.39046683529852544,-0.03350010361555178,-0.3817050954567094,-0.3300302978468608,-0.6552004073369062
0.5850502191186706,0.3931437440605805,0.01410786226097116,0.6620761834165023,-0.5076122269671117,1.2001852305766079,0.005922742957409355,-0.2847188566083787,1.0885421097555081,-1.0800253013394467
0.11674521923487191,0.743064300291735,-0.889231481070965,1.6692660399785382,-0.7752710754173933,0.3639537566332365,-0.7350865572598195,-0.18019513051604008,1.8638073078445814,-1.0813944621550036
-1.2360562768400314,-1.868926002986882,-1.8394416582341364,-2.0897126666476424,-0.20803852056633332,-1.6079698817771941,-1.503450305620163,-1.8052674392101835,-1.6131007260155457,-1.5030297029270514
-1.2249803545430495,-1.178834980008105,-1.306533887479418,-1.5023751904082019,-0.8748026068463162,-1.2189894371691707,-1.1528556111170474,-1.0303990960637748,-1.4085293294911025,-0.5516679628080965
-0.1516771163685462,-0.5619557375212025,-0.8281430976228421,-0.2506172281355248,-0.8434649890959918,0.13536767157563645,-0.8304454528081351,-0.9241464243059454,-1.165693927292068,0.24146264096088998
1.293993080188784,1.0357467613011977,0.9184630688853304,0.9252541271198425,-1.54089436353388,0.4875010725821767,0.8741625782070059,0.3633067492119153,-0.06272987385803219,2.1349165486374204
1.2904074485650199,1.1390192423959888,0.40538460728203063,-0.24678830991251743,2.073400648378083,1.096760404176507,0.5139921164193311,0.9261804544094048,0.68522675415322,-1.0869426046519948
0.6433052531631347,1.2526729082655947,1.287732982331363,0.935252627114096,-0.3178056624481087,0.9659571392843418,1.201459493029688,1.2996521022469096,1.059390769059064,1.2294254957896555
0.886996591375123,0.5364885673179742,-1.2294906229960816,1.0777890794961422,-0.5313982185489294,0.6352326656091236,-0.8932581823928558,0.5495796048853663,0.6940787094135885,-0.7938558018704498
-0.3903529464771509,-0.9215709838517796,0.15004097249243387,-0.21743200338198676,-0.5375380973394215,-0.8337470846339556,0.2380547047428081,-0.5146014873043896,0.4695958915181109,0.4511149524623761
-0.4249638630483332,-0.2525849757803371,1.1441062392843833,-0.2480115315192961,1.8678126057047848,-0.3713935080864985,0.958670371849621,0.230675624396099,-0.5732640214623643,-0.4082418866471471
-0.6461134709963652,-0.7919299939385382,-0.8085599339053715,-0.6951076315126556,-0.18314729070985436,0.40533149950749703,-0.629150397835474,-0.38335354518358145,0.2976073030522457,-1.0004577493773468
1.4802177477000669,1.5438170229544994,0.7941026806274749,0.8612188030601828,-0.3952982997737564,1.0235572134082531,0.731103575792531,1.452762845990037,1.0338424372548616,-1.2579970457991294
1.0088917808562883,1.1272172011858856,0.41225501593362424,-0.2851257838156016,-0.9369380390165389,1.8236076388751599,0.35926974029462144,1.6019356376336873,1.2650940528974388,-0.4071862780056108
1.5478016239878798,0.4533286643818428,0.5665139374759747,1.2362727918152814,-0.7683524245076114,1.1465223715700859,0.609787183816934,0.8807490172021062,0.7147649893977359,1.5987518969125176
0.8558158073146842,0.4839892896525271,0.2486771602416411,1.1906044490096974,-0.46282796996759146,1.114744819188104,0.33720711641672096,1.192650797571332,1.0427371503201357,-1.2400090478213315
-1.3435160414596794,-1.1960788075430173,0.3688965756618927,-1.0266882278900766,-0.9312517120448405,0.21205045298609093,0.4727744206072657,-0.8982091154312002,-0.26658379368927854,0.27219505294033297
0.4878509888435474,1.158356885669832,0.7798884644580539,0.47260546530378633,0.7849629297064098,1.512030651368491,0.7791600038287925,0.6397000498809575,0.8937572183190383,0.3413084982903456
-0.517269636973424,-0.7970179237327102,-0.2621805363390308,-0.7693291539981146,-0.5255936472076428,7.11564983930657e-05,-0.24358074051360745,-0.5952321420700173,-0.17792560648740618,0.06527363946042897
-0.9929467436538424,-0.9621270051757165,-1.2740000162600609,-0.9759732790007547,-1.0995334061992992,-1.3921052854808522,-1.1806577928030038,-0.8861027859802562,-1.4944140087354754,-1.0304675957122527
-0.24550878382956398,0.004785885447745386,-2.740525965618872,-1.0241855629591328,-0.3189573295067021,-1.1728600399925426,-2.628623522955195,-1.4195632129158184,-0.2057167876046151,-0.9153574940401086
-1.049274300070465,-0.9171392964553888,-0.45356360938785656,-0.843983217193454,0.2150854473181596,-0.30245618984520206,-0.4429166668819562,-0.5376040827604811,-0.20365693156054476,-1.86480544956612
-1.7295288335681107,-1.658403587878638,-2.0388602875145807,-1.5538659631939709,-0.051633671895388034,-2.0079371459354434,-1.8405916856600015,-1.6808127243111812,-0.7399604624573044,-0.19230760974755867
-0.8874899164238741,-1.6733026556712502,0.5617429489393544,-0.22299464373281808,1.8424873197875513,-1.2522825859292652,0.33909595946784066,-0.06957140998110845,-2.3104609268220884,0.19464902992740463
0.4699388933834143,1.3490690173430266,0.9064672935382987,0.7423040638786915,1.2323241317051838,-0.13593728502166869,0.9552982729012456,1.9599672908507273,0.02942680813066545,0.3574985677043969
1.7102841513360545,1.3360119815788494,0.8157560332219873,1.6067716523612035,1.3299818681553006,1.6004465940544605,0.7256161791698332,1.0050113350625907,0.9033022364089192,2.297156315430584
0.4342571672134454,0.6375781790793553,0.5526142638882447,0.39913064788197516,-0.30690598623277765,-0.35750599704931574,0.4203341225827444,1.1539283771398914,-0.45868406454428623,0.048997926836818806
-0.037711874800152145,0.7530598279181504,0.590127294787635,0.6938413290408789,-1.4480903725416283,0.4514478764689329,0.6446346186794472,0.39065078360727057,-0.6465305934431456,-1.0858818645890551
-0.1572645330204523,-0.04625051617222198,0.34152885493585927,0.8941359089876642,-1.0704801711592893,0.06885384826148311,0.20012416549025147,0.12876921602264702,0.14694078652610187,-1.0779262632329392
0.6212317856733307,-0.332319939188892,-0.053142414366448065,0.8252991801527969,-0.5796360453532543,-0.20127162550818412,-0.05938650766165665,-0.10294102353873313,-0.007929816631076392,-1.2545933774672449
-0.09268645734300662,-0.8202976430511626,0.565029210098146,-0.490402309709566,1.6821564570600458,-0.9549843642849964,0.42049169457141033,1.0240531286253827,-0.22234487284276838,0.5786170675664835
0.2095467302394809,0.4153688382633618,-1.028649960574512,-0.2619282934373359,-0.6055024629188495,0.8118976826375501,-1.182147153806909,-0.05421914264843508,0.16378809903548586,-0.4729559141687787
0.42819412023186487,-0.1881657127469225,0.0777159297070078,0.08135010701880674,-0.04338487916746203,-0.019075177186664405,0.06290973925513299,-0.31427630132748163,0.24600341902123546,0.9353557469623865
-1.6255266860653137,-0.8079847410626826,-0.29235898605656985,-0.43144315518031817,-0.650793761938985,-1.2371068138085093,-0.29134246684208165,-1.2181810473612131,-0.8405988576428172,-0.0894244169051035
1.8750314545359288,1.2659080513003573,0.9078986756240965,1.6592617303358566,-0.9184164793553293,0.6197941501017112,0.4928733881251901,0.6508046365975133,1.1094599197131174,0.20455348590371614
-1.3327714197966998,-0.9827407319125996,-0.513316606818762,-1.4344572087611596,-0.3197215210767155,-0.4929963759019529,-0.4359724842142896,-0.9420112243242329,-1.6723154744313433,-1.4400973695646826
-0.2531030409070354,-0.5069992338503653,0.9050529536252725,0.3392762118419341,-0.46877147308441636,-0.7805823574477699,0.7895115131486818,-0.9006405712425476,-0.2269108159202915,0.5679105832105051
1.7369760815781774,2.087781138934588,1.4954313606376672,2.0069982758141123,-0.31340434579352916,0.9054976211949679,1.4655092872135356,0.7380883248042664,1.4481633408386188,0.5022433860415276
-0.6619464507821249,-1.1245527669470903,0.23136738748144126,-0.4962601168190304,1.3891299091083056,-1.0425217760590613,0.1330893335377823,-0.9322627454857866,-0.8649199198162023,0.4786357284860969
0.9282719876555348,0.5483955684467219,-0.09398048718662722,-0.16387510837739683,2.0330103372871235,0.45714372993131747,-0.007134414130632649,0.4012928527827171,0.11203547939476266,-0.6080624099095076
0.7204451035440798,0.6567602891518618,-0.10136798983671724,0.19676965054725315,-0.5155914518982172,0.42472524146012347,-0.10892689711818093,0.13288227694738453,0.34863715497203884,1.4342248717705388
0.16848837555664886,0.20682274351202068,0.02742479755761451,0.39914778628735803,-0.6830587711574481,-0.3991645999554976,0.14868020569588225,1.2179963374910585,0.19003903770226316,-0.6675913076651341
1.5293129564142873,1.1125353019524482,0.884260570114975,-0.1655424120981479,2.2212401660744945,-0.12425574822339058,1.0207159774854517,1.0180360534941428,-0.5268714599775706,0.017965950464031266
-1.0142970490167045,-1.107656915919506,-1.3332602227699226,-0.9762666085953242,0.19084103639306704,-1.0574516636182807,-1.5089443152931494,-1.0329785394806095,-0.29109663175933065,-0.09292937015811731
-0.9537063193274662,-1.1082253333224799,-0.07878725952468812,-0.63253315460679,1.2965352353801904,0.2588492562584861,0.07727379719881355,-0.34717617519709165,-1.0692578061725726,0.5552576178724848
-0.5391548279367271,0.017679664166280418,1.0031929317074173,0.40507968985082243,1.0657477837412443,-0.09774146018992269,0.9863975779571774,1.6736320357085788,-1.4114412660913445,1.550670694809014
-0.22851409736904316,0.1714408652351267,0.06873019196086716,0.36196538605702244,-1.0429451900902507,-1.1505163763673636,-0.024873548411505908,0.12713811815410736,-0.2541242695015171,1.5510312345750208
-0.23230830685042747,-0.3359985692150076,0.00015019519946690707,0.32452804788670164,-0.10319968215051745,-0.20725129859454228,0.194875292809229,-0.6193618066481577,-0.4431372034850938,-0.3997028838909955
0.2845787995113369,1.4759436616059247,1.2657519622446216,-0.007029584445263026,1.8818984878198535,0.05422237322579804,1.2407119115805472,0.6665558919257819,0.860833105619804,1.2692086500048845
0.05985534982687568,0.6884417336286788,0.5762598936348695,0.2871412439017149,-0.85261476987489,0.07061743575775381,0.5457782814737584,-0.2142768293588233,-0.6669848902511148,-1.5526758916657855
0.46722315817282833,-0.6126290436528734,-1.8858821055437147,0.3789578316192319,-0.36803428401981364,0.2746938017720595,-2.0409654245167985,-0.7124862123309867,2.030113738665932,-0.3745894375340413
0.394850659155054,0.44389300352850114,-2.166581693401895,-0.5608431295731862,-0.5283578242772649,0.07026742397010821,-2.1293079612833026,-0.5676144245790056,1.8672361515382363,-1.2563844467974832
1.009523345151365,0.827867438469184,1.3257934125859947,1.5259717854314658,0.5918712016964491,0.5241457179478175,1.3753557776967682,1.2374004195053203,1.5591468751354114,2.6198858818515873
-1.038938438323612,-0.9316745181331498,-0.22600308780602063,-0.902142446544417,-0.08771840750682713,-0.25343473170744346,0.04327571964449817,-1.3829317745257868,-0.7434765516063635,-0.4605236857305499
0.1696847344305752,-0.1324634137818066,0.7645510296915745,0.36546148052002536,1.1677316765999421,0.8016920904523204,0.7641688714902557,0.12503086696597165,-0.5971323297435447,-0.2616153450435377
0.7820352202645608,0.6491778014606098,0.06734908404930806,1.059157486553886,0.165648122072227,-0.03093579969356597,0.034334165421569196,0.36350554858290707,0.8042973747274118,0.6473621015411481
-0.7616922386830538,-0.5331961192914605,-0.11067084040473674,0.09266392052086303,0.06456920339633143,0.03370167247101108,-0.29056133300855436,-0.3623220105691871,-1.37785782231731,0.6115491148866568
-0.22932054022203374,0.5030416139798035,0.9437192647965276,-0.4861556247170711,2.4688218207055,0.49246566738236197,0.9092158049570571,-0.06957381613392499,-1.902967537766017,0.3373017917940615
0.9785600999512098,1.4569236089992046,0.11124475854376215,1.016204195224418,0.03573307672270687,0.7250481372211652,-0.039520544898550725,0.882908753997981,1.2819047545729916,-1.1745791652808748
-0.9689557110104943,-0.9841153382640186,0.20600659074716532,-0.8558860994397719,0.059167755202224726,0.060468184696560456,0.3180541418478242,0.04332085074202041,-0.5251198608166305,-0.5894190765061467
-1.0380589013810777,-0.8232532711335807,-1.5169175291630381,-1.6881571469874643,-1.1227435624416842,-0.7482676571086131,-1.5088596244131622,-2.495771859996239,-1.4441201073541379,-0.8930866553610031
-0.06708854723467539,-0.6133492813005432,-1.0881481714868642,-0.3615288384108908,-0.436241152436196,-0.16147209394000583,-1.2215969586613937,-0.8979455195894843,-0.016714373844934016,0.19554490419272952
0.03514801224355324,0.009795205844056909,0.020992585548810894,0.05644024009961868,-0.916123419261865,-0.39920134612805214,0.044570895082870265,-0.5121833504817914,0.3003915637650607,-0.5550719699049296
-1.3201183489914001,-1.0126881489082962,-2.0450325370202336,-1.4058173956926794,-0.2369447133035294,-1.0722505038608006,-1.8759123134441325,-1.1148117560119317,-0.49412716855431427,-1.6699097068149058
1.157220071493839,2.0485608444523677,1.215258955966874,0.9697454820925486,2.0039532052085747,0.4500396224824499,1.1235843786471378,1.3161833111489614,0.10228675849430147,1.0678997464294753
0.5212551349286514,0.8271848286422028,0.6121982893730546,0.8839598443482828,-0.40076694794116463,0.6152788530429234,0.6551421291973725,1.1288964517261775,0.3538904937950065,1.8111548408760427
-0.007447672181115195,-0.4223346136222972,0.01577094650838262,0.2312810796283884,-0.6727143429984039,0.25551593041052456,-0.0030580658167309593,0.607382614171911,0.04119062687368569,-0.587427761737672
0.33627240150894977,1.6769951049409428,1.0238507875728828,0.4628804303902143,-0.22261738122126928,-0.23453499861295768,1.0006139669196727,0.17140322130035202,0.249654327476037,-1.9812925224059654
0.2701629344376215,-0.07035139620529662,0.8301653099415489,-0.23673772222537082,0.08779169923036534,-0.7394527859820528,0.7445224116274858,0.26118702626990853,-1.4555013734652675,0.7977059776039823
0.5190616131585557,-0.36861221908725383,1.2764359869579494,-1.3181382088914688,0.7004992006889665,0.5916159615120478,1.4535753333066168,0.4625674524122587,0.28622837833063386,-0.13916380210207535
0.8899855305467099,0.27120948501578823,0.5483367456884025,1.2809031295873865,1.776694785894506,-0.32621551210434063,0.705760987563508,1.3620711564917656,0.06440113042935991,0.8516819720744024
0.912701355831814,0.37868202932804707,0.8838831548966937,0.975096250118554,0.7949653667419625,-0.7621638778327906,0.812013700397074,1.6206946964230156,-0.17999031006911537,1.0415414361132207
-0.092846491422506,0.8466213061838062,-0.04564436855616805,0.4879088143752597,-1.030921506402592,0.11332048153724372,-0.14549542978056706,1.2277461270059575,-0.5115221621631463,1.2409871328582085
-1.05188089121134,-1.1815794107278634,-0.057946775246819016,-1.3304199710946705,-0.49319780129700064,-0.961869250939003,0.05283979002450678,-1.1596119829782765,-0.8942186287558798,-0.7706679623152013
0.539484781712531,0.6149529171298127,-1.5562293776765728,-0.15796122508788812,-0.76727211434266,-0.04794037882822977,-1.2745459742263847,-0.32193572028700146,-0.47420454117855115,-0.8590190489974248
1.445027698210879,1.3922686934838566,0.7589824560527632,1.1900508019098197,-1.5575481982486963,1.090871804566973,0.8178783096846018,1.2706504573925486,0.9176406615671766,0.8458998196792891
1.39962279827148,0.26359063252857595,0.3511399322451325,0.7176539881747885,0.2517584183060251,1.946880750571836,0.3117740322232976,1.970604461939729,0.2341501902701566,-0.2786081479880522
-1.6798379014342117,-0.7962089469110651,-1.2404968309897981,-2.068070321265509,-0.1661003506706038,-1.612456028791371,-1.0599861462319495,-1.581981223760522,-0.5645471448415265,-1.470222648975323
1.5411708273459226,1.2421681713112775,1.3120848084394083,0.9130432760711074,-0.5771637823220601,0.04477944688676416,1.199376602610755,0.5061272138646018,0.5170695718284151,1.8484815710464773
-0.16851607144940317,-0.1476380160838744,0.16908568739040675,0.08391061077418271,1.2947763782247534,-0.34991566748306013,0.29644823665785225,-0.5150884706781653,-1.1566451315729864,0.46592697497840163
-0.36751518627988844,0.300400423568135,0.6778026025169765,-0.11090668605174869,0.4442210115469152,0.150999173347941,0.7158860723293401,0.5310959319576796,-0.11858892863119763,0.42316188287009027
-0.43883338882096723,0.2559582065387076,-0.16642769608057506,0.24844845732150134,-0.20620293518848598,-0.24188432627090606,-0.1532764444127679,0.2523053149793668,0.9758552965258787,-0.22742994458053545
-0.15810085964835707,0.49353222759054916,0.9056380758513569,0.09313155308700516,1.268835324455722,-0.007596476236926719,0.9064574910471492,0.2641994697987684,-0.05322616004878,1.487917606251358
1.0736685236463472,0.41927631169892265,0.5402225972311498,0.6234040083455739,-1.254378242153507,0.21145637193455968,0.5210261284655644,1.0123607536042982,0.5919697607708656,1.544208043320623
-1.0011268282823949,-0.6324040940244231,-1.596981406715713,0.11381614551839903,0.2855592327634895,-0.6052509772504209,-1.3364868510259384,-0.46704616034094215,0.10209084492544207,-1.0857031680923228
-1.1601872672545142,-1.7186585418712639,0.13862444994833822,-1.0054892280859349,0.48753207887330063,-0.8692175464444745,0.23942938805703307,-0.2310541608312633,-0.011236531819577067,0.6738332617323977
-0.07827476525562815,-0.3864535704597074,-0.7649250765116449,-0.7201344923341821,-0.3631717970256432,-0.29888657479352787,-0.5524575327158345,-0.8430978706510359,0.018815896560681722,-2.172123796772212
0.7343130271431164,0.8988360986259067,0.37498812555168115,0.6376792370938347,-0.1485731328248221,-0.25050505940146195,0.26804781376495157,1.1557031796255615,0.3475264473095194,1.4177894669012403
0.5107617143514744,0.6083672402091906,0.9171369368289106,0.3872088832031295,1.5066616444963188,0.14701565081247736,0.7139646937093858,1.2221766618349648,0.07980282174821696,1.2518503293204049
-0.050935691781887726,-0.6844962188515638,1.1333226712888518,-0.30914292890156503,-0.6930748061979841,0.0717515064076224,1.2720610964679508,1.4723936335803955,-0.26160944669936725,-0.25299077377235335
-1.4584436046177416,-1.6180803125171224,-1.078064483774142,-0.9740521872455474,-0.6845481179502997,-1.2596241950026297,-1.025102026329023,-1.2008893197621546,-2.2741226830078745,-0.17447881489442807
0.4707658467705187,0.394164377139532,-0.38201065492808084,1.2412124436814338,0.09271956154316285,0.3875183886160585,-0.38905806178445346,-0.2340018215618329,0.3681070631484289,-1.1114642656361866
-0.43865666081910604,-0.830869088923464,-1.6781422863432454,-0.3326784927284052,-1.2682696433203091,-0.2666186828679429,-1.3768861279731937,-0.7927216332927856,-0.2256756144015526,-1.9927536295654136
0.8135281153754796,0.4670417066108712,-0.37268682093872485,0.20621567830312415,-1.0605445280043568,-0.2967093421644904,-0.36392578206869075,-0.08583731795260974,0.6633627322735265,-0.1624983737783623
0.9978618973518678,0.686283190127142,0.3944036737803138,0.8765541397905281,-0.7573729915602598,-0.19607870721426934,0.4187925120550062,-0.46462397890854845,-0.12908205459507371,1.620424406712118
0.14452905623613788,0.3108496491040569,-1.9114000714998838,0.5857828841799346,-0.2050878554900919,-0.30937842883065514,-2.0020171030191705,-1.0616852764633222,-0.0968482836565272,-0.9586145152547942
0.1763173106155591,0.02902348393945431,0.6806284621682153,0.21471988271878217,-0.4450968336536789,-0.8772104718269702,0.8416045793273952,0.6498344072297186,-0.5197607717473147,-0.6488432398900841
-0.39706995824110436,0.4324217788744136,0.2848327495378271,0.22482879820017843,-1.5499882514232013,0.7640923977745615,0.19998225737117536,-0.8167182642227999,-0.6985279332138816,-0.7620788472568165
-0.5149135994154221,-0.002474904558766866,-2.0105736408831945,-1.1982130834529698,-0.39154496028757535,-0.8837352568513097,-1.6967203983379022,-1.3680977228123083,0.8998562269043759,-1.1832347783511068
-1.2777992107693308,-0.9581904208935157,0.39291726245846803,-1.3909565588328405,0.39050385466381954,-0.26245950868508316,0.4916310604858154,-0.9406174996056507,-0.6493112377611396,-0.8950173525263381
0.3118881399091151,-0.7421898750073979,0.2622048467667355,0.03938658719198429,-0.6664747240502038,-0.7556685664209226,0.20346057251299499,-0.10867899842014594,0.3230665767728169,1.4610771017614752
-1.329692513718328,-0.03896075828743051,-0.7283288840899331,-0.5948935464875831,-1.4469875143577156,-0.03033725809984844,-0.7783094372621235,-0.8684897230077695,0.08567763162136544,-1.2577251198636077
-1.184627656450175,-1.5491784703353915,-1.3204406040185859,-1.9196808774369174,-0.7914651978001359,-1.462930075860072,-1.3004367902324248,-2.230721058542713,-1.2440464044252622,-0.004372875884655514
0.6925907831721361,1.107369986410049,1.1499942252987694,0.8009152967642876,1.574161720788652,1.2929612067351854,0.9777242353848123,0.8515142524661314,0.9611596973900305,0.6029048544451143
-0.7798192132117947,-1.4278268877060327,0.6387044708935719,-0.15674409693383495,1.7777193017282116,-2.1228345230907735,0.4707468183178207,0.5577836600277806,-1.3344802709752912,0.12490882036445328
0.8624494145351491,1.0353396624250308,0.36292168174395556,0.18167727708714665,-0.7212731161455679,0.46247395265856994,0.42731687413470354,0.19065905030538488,1.8952196817240292,0.07329686530670187
0.8794557582826315,0.3073015085838051,0.5256108859323625,0.5931422198300424,-1.055931338758711,0.6787477685605836,0.5422766009114639,0.9512339222001174,-0.12834969394953077,0.09522887866387464
-0.6667257048966349,-0.6437279293140818,-0.9398370114101908,-1.0455609194395947,-0.7096441627384422,-0.3619960238644353,-0.9713254431792393,-0.6304271096068987,-0.7025468549381912,-1.4622207901002184
0.9253122791669739,1.3417988179808162,1.0428338208773766,1.3610019833795377,-1.2459509252348653,1.3905451472276127,0.7719043086399324,0.1952070016450307,0.9101282417374676,0.45709658587111335
0.4936407991606302,0.2628802003404189,0.6962712155375357,-0.07940807625709567,-0.7275591066361358,0.3606521209443372,0.6324510342085432,1.4560721190446202,-0.06985936610271892,-0.2865819839453252
-0.67205527295107,-1.3738992687358405,-0.8688123923345756,-1.2552013912136317,0.1839849231962205,-0.7733952663471655,-0.779171466732123,-1.3866400884603536,-1.3971233650054273,-1.2646308436733307
-0.9499354067484092,-0.9446345149863191,-0.09966645131407859,-0.1506887004361488,-0.7742989194230177,0.19398286053217362,-0.2970749823959977,-0.3671385648085561,-1.2096102134155444,-1.4855070520770823
0.2766008050621167,-0.25645575878752425,0.40995916684755684,0.7415604933194118,0.08704542644288438,0.38444578202359025,0.5128238402771785,-0.9167424153797583,0.10741909765647506,-0.04358201038758125
1.3893266336452825,1.0189229878160404,0.1254332064090704,1.183939186214161,-1.587845359401399,0.39444154546197296,0.07634162459180516,0.6847859445515496,0.46956986543227686,1.472271369693999
-0.2500677023697335,-0.1893987226376339,0.1916410038520553,-0.832718510137056,1.4912935999439583,0.36126716183696317,0.10016536357761652,-0.6220121537999148,-0.4744269935608827,0.4641725520041291
0.013707399147051547,-0.3840227539330954,0.7855761283731226,-0.5782328078130377,-1.25636839888557,-0.8174830245876592,0.5608733934977863,0.3362410701643057,0.11501058792691765,-0.36685691352158756
0.8568965902607033,0.48231467359710223,-0.20387110584488255,0.6047836891266343,-0.4690676655375938,1.2250004141463933,-0.2191166204208912,0.35998746578343344,0.4327118246965256,0.37263185695087486
-0.020546905847822927,-0.6461600812290271,0.7090627375839631,-1.0268059249839325,1.7890825738161311,-0.07752828252762356,0.4881475988368038,0.28744720926624723,-0.7458297948569452,1.3235582196384712
0.15767706487349642,-0.9307657898607431,1.2050776514020072,-0.20428285023615445,-0.2640997357557353,-0.7555750211209897,1.11038208068112,-0.3919804002125602,-1.3040389823640908,-0.38607503043203906
-1.806041062401846,-1.2228360857016014,-0.9179623619338599,-1.9453033948210532,-0.639030689312321,-2.31598814004667,-0.9114108487483463,-1.932451675968423,-1.0095906594206099,-1.4479392643170286
1.6914578386531502,1.9407889506019274,0.09714386204723269,1.120175172885979,0.017574125412437525,0.5113998574528296,0.24104003074899083,1.0326679061358846,0.39128286023333203,0.34719756858612527
0.07868353633966763,0.7381079285969463,1.3272845832871099,-0.8990914556379721,-0.9153696650479191,0.026139475779586974,1.398287454229603,0.4986647996302054,0.08584387987957598,1.314965067726007
-1.0296433472874469,-1.7758462827150652,-1.9273075405253621,-1.6613584624911937,-0.035758385698756,-1.8962077864338198,-2.037865532836804,-1.8210593833573512,-2.1136206181308808,-0.18679516720021638
